,GEOID,water,tree_canopy_perc,potential_tree_canopy,impervious_surface,area,water_acres,tree_canopy_perc_acres,potential_tree_canopy_acres,impervious_surface_acres,poverty_percent,poverty_percent_normalized,incorporated_place_name,incorporated_place_mean_tree_equity_score,poc_percent,poc_percent_normalized,unemployment_rate,unemployment_rate_normalized,dependent_ratio,dependent_ratio_normalized,child_percent,senior_percent,tree_equity_score,congressional_district,mental_health,health_normalized,total_population,tree_canopy_goal,tree_canopy_gap,temperature,temperature_normalized,holc_grade,afternoon_air_average_temperature,evening_air_average_temperature,equity_index,tree_canopy_gap_max
0,517600102001,0.0,0.21604366375903308,0.4163607748581561,0.49524450626130234,105.35303032828283,0.0,22.76085466023875,43.86486934113866,52.17550948806244,0.448241206030151,0.448241206030151,Richmond,82.27933240206322,0.680402010050251,0.677229105817898,0.087520259319287,0.231027743350176,0.21638141809291,0.072618916155844,0.12964824120603,0.048241206030151,84.55628056886056,VA Congressional District 4,10.3,0.292000080900259,995.0,0.4,0.183956336240967,72.29201680672269,0.59571296309604,C,90.91995646838436,88.62898634970077,0.386138335891728,0.459944858941182
1,517600102002,0.0,0.26445301216420064,0.4647872067272202,0.37550550438103797,123.1848787144169,0.0,32.57661222910927,57.25475568870523,46.256600013774104,0.183297180043384,0.183297180043384,Richmond,82.27933240206322,0.072668112798265,0.063461749297164,0.067924528301887,0.179300776914539,0.544388609715243,0.185489574697148,0.096529284164859,0.255965292841649,88.87326804234137,VA Congressional District 4,10.3,0.292000080900259,922.0,0.48,0.215546987835799,71.6003616636528,0.521017006379073,B,90.14898088175421,87.97621276776064,0.237427728038595,0.459944858941182
2,517600102003,0.005073308881901035,0.46975754823130944,0.3404239197168087,0.2551305606083775,541.3443550390266,2.746407124586481,254.30059697199263,184.28656725895317,138.1134887832874,0.222322232223222,0.222322232223222,Richmond,82.27933240206322,0.277508090614887,0.270335337001858,0.045833333333333,0.120986519607843,2.911392405063291,1.0,0.101132686084142,0.643203883495146,99.1654372097998,VA Congressional District 4,10.3,0.292000080900259,1236.0,0.48,0.010242451768691,69.9515806322529,0.342955326666009,B,89.69043620712628,87.10018829282103,0.374766582733199,0.459944858941182
3,517600102004,0.0,0.160989551609427,0.40890623222066785,0.5753843682438537,184.5887768480257,0.0,29.716864416896236,75.47950125114784,106.20949675160696,0.041379310344828,0.041379310344828,Richmond,82.27933240206322,0.2,0.192057761732852,0.095914742451154,0.25318670985268,0.547256097560976,0.18647630684746,0.298522167487685,0.055172413793103,80.66096843023702,VA Congressional District 4,10.3,0.292000080900259,1015.0,0.48,0.319010448390573,73.33049817739976,0.7078647489863,B,91.11918905374206,88.82815664122414,0.278827486444063,0.459944858941182
4,517600103001,3.2177801660857233e-06,0.2818012225995082,0.5223817441872626,0.3250330426864046,307.1736842768595,0.0009884173888095565,86.56191977961433,160.46192496097336,99.84159723370064,0.617114303560275,0.617114303560275,Richmond,82.27933240206322,0.940037476577139,0.939442180766984,0.145945945945946,0.385254372019078,0.745910577971647,0.25483536298654,0.283572767020612,0.14366021236727,75.32426488481089,VA Congressional District 4,17.6,0.596471071879165,1601.0,0.48,0.198198777400492,72.7268115942029,0.642669040776942,D,90.40726429458476,88.08169463848628,0.572631055331497,0.459944858941182
5,517600104011,0.0,0.22856331892141654,0.43118386745437143,0.43788771906663587,187.1759676882461,0.0,42.78156039715335,80.70725764233241,81.96205755509642,0.088445078459344,0.088445078459344,Richmond,82.27933240206322,0.098081023454158,0.089126954192421,0.026794258373206,0.070728961441036,0.4,0.135803964501176,0.176261549395878,0.109452736318408,89.27008628867019,VA Congressional District 4,12.3,0.232170270251369,1407.0,0.48,0.251436681078583,71.97426900584796,0.561397486346014,B,90.35858227183385,87.87695294757194,0.196278785865227,0.459944858941182
6,517600104012,0.0,0.2466675602104934,0.4743297623492544,0.40913297527755704,154.86524059228648,0.0,38.20023105831037,73.45719276629936,63.360476650596866,0.331269349845201,0.331269349845201,Richmond,82.27933240206322,0.693436293436293,0.690392790934307,0.049768518518518,0.131374251089324,0.393972012917115,0.133729671957899,0.106563706563707,0.176061776061776,88.74014167608539,VA Congressional District 4,12.3,0.232170270251369,1295.0,0.4,0.153332439789507,71.47619047619048,0.507607020583243,D,90.65171713610079,88.40696457089201,0.337757225776891,0.459944858941182
7,517600104021,6.950873591708642e-05,0.22882683282874372,0.4725842925959176,0.4024939101677643,167.0744585697888,0.011613134419217646,38.231119201101926,78.95676481404958,67.24645211891642,0.214611872146119,0.214611872146119,Richmond,82.27933240206322,0.227237949502678,0.219566124091603,0.043551088777219,0.114962065228101,0.856534090909091,0.292902055041811,0.177505738332058,0.283856159143076,85.36230906372899,VA Congressional District 4,11.9,0.278393865217307,1307.0,0.48,0.251173167171256,71.29301075268818,0.487824351669045,B,89.95218687335378,87.76353147427993,0.268043388898998,0.459944858941182
8,517600104022,0.0002591290755361255,0.21824532506135008,0.4748652806635424,0.42557514391662243,236.43118860422405,0.06126619533091991,51.60000161157025,112.27296273415978,100.61923711662075,0.270815074496056,0.270815074496056,Richmond,82.27933240206322,0.506086956521739,0.501183487678543,0.0,0.0,0.390568319226119,0.132558425844435,0.149565217391304,0.131304347826087,83.37732632413507,VA Congressional District 4,11.9,0.278393865217307,1150.0,0.48,0.26175467493865,72.04995287464656,0.569571037926736,B,90.64953484143852,88.31790127871349,0.292086981860513,0.459944858941182
9,517600104023,0.0,0.24663703693379305,0.4938263646547834,0.38077749301796426,141.83167985996326,0.0,34.98094526400367,70.04022285812671,54.006311487603305,0.337837837837838,0.337837837837838,Richmond,82.27933240206322,0.585271317829457,0.581153975316934,0.110260336906585,0.291054859922529,0.145394006659267,0.048191415536031,0.056201550387597,0.070736434108527,83.15550578714146,VA Congressional District 4,11.9,0.278393865217307,1032.0,0.48,0.233362963066207,70.99221183800623,0.455339286045347,C,90.01764872649905,87.78152599517615,0.331995206645998,0.459944858941182
10,517600105001,0.0,0.22480070325529428,0.4837207901215635,0.38106413918320514,90.23266666896235,0.0,20.28436692378329,43.64741681588614,34.384433450413226,0.299719887955182,0.299719887955182,Richmond,82.27933240206322,0.92250233426704,0.921732953109042,0.032085561497326,0.084696445423089,0.561224489795918,0.191282974721183,0.175536881419234,0.183940242763772,85.28492994777575,VA Congressional District 4,12.0,0.34620205070237,1071.0,0.4,0.175199296744706,71.16708229426433,0.474224587720045,D,90.6747266271638,88.0877680345488,0.386309816605152,0.459944858941182
11,517600105002,0.0,0.17982285839010212,0.5267194338820664,0.37974014635435216,107.55127767447198,0.0,19.340178174931125,56.64934808999081,40.841537924701555,0.162523900573614,0.162523900573614,Richmond,82.27933240206322,0.680688336520076,0.67751827487903,0.038585209003215,0.101853603177605,0.551928783382789,0.188084226244764,0.101338432122371,0.254302103250478,78.34125984102364,VA Congressional District 4,12.0,0.34620205070237,523.0,0.48,0.300177141609898,71.54471544715447,0.51500744016581,D,90.21135986292995,88.14454537623216,0.331864915957199,0.459944858941182
12,517600106001,0.00020734006110958146,0.11877697512852732,0.5148429407809868,0.5132619236897237,221.6263782116621,0.045952026801901226,26.324110812672178,114.10277631313133,113.75238122130395,0.37505710370032,0.37505710370032,Richmond,82.27933240206322,0.749444691248334,0.746957228796828,0.075539568345324,0.199402242911553,0.486789960369881,0.165669285237806,0.163038649489116,0.164371390493114,74.16933897296596,VA Congressional District 4,13.1,0.367155674827368,2251.0,0.4,0.281223024871473,73.07754279959718,0.680546591750019,C,91.32791891206317,88.78450215810416,0.422464687870649,0.459944858941182
13,517600107001,0.0,0.1781311611710907,0.4497660041242545,0.47051487324708896,120.06987129017446,0.0,21.388185594582183,54.003346225895314,56.49466027089072,0.460696517412935,0.460696517412935,Richmond,82.27933240206322,0.915422885572139,0.914583221078722,0.12375249500998,0.326670189033697,0.334661354581673,0.113320262543035,0.066666666666667,0.18407960199005,76.41231676090021,VA Congressional District 4,15.4,0.474756321743351,1005.0,0.4,0.221868838828909,72.7380073800738,0.643878140348027,D,91.42399419908278,88.66143059617566,0.488984108693295,0.459944858941182
14,517600107002,0.0,0.2491073634097595,0.3932765938335092,0.46319043662467346,66.02303455922865,0.0,16.446824063360882,25.965314146005507,30.581238204775023,0.372164948453608,0.372164948453608,Richmond,82.27933240206322,0.914432989690722,0.913583497711117,0.0,0.0,0.534810126582278,0.182193519834152,0.157731958762887,0.190721649484536,86.17565689914028,VA Congressional District 4,15.4,0.474756321743351,970.0,0.4,0.15089263659024,72.1986531986532,0.585630071213902,C,91.59910551030586,88.67129480718653,0.421388059826022,0.459944858941182
15,517600107003,0.0,0.25315139174509266,0.4413839447016435,0.44004673481034245,73.17746974517905,0.0,18.52497831037649,32.2993602594123,32.201506623048665,0.578544061302682,0.578544061302682,Richmond,82.27933240206322,0.883141762452107,0.881981617494502,0.092150170648464,0.243249347520578,0.45,0.1530094803289,0.21455938697318,0.095785440613027,75.2790175628109,VA Congressional District 4,15.4,0.474756321743351,522.0,0.48,0.226848608254907,73.03384615384616,0.675827530824356,C,91.15228359199251,88.54765980644012,0.501228059869061,0.459944858941182
16,517600108001,0.0,0.22895596715483554,0.45350159759429604,0.4118339514555558,136.65383870752984,0.0,31.287711806703395,61.97273417125803,56.27869037649219,0.556371263765076,0.556371263765076,Richmond,82.27933240206322,0.978590078328982,0.978377524954991,0.109263657957245,0.288423920637138,0.545601291364003,0.185906870963183,0.243342036553525,0.109660574412533,80.87841969832527,VA Congressional District 4,17.3,0.602305494478597,1915.0,0.4,0.171044032845164,71.16260162601625,0.473740693679966,C,91.0780113356775,88.62508310674232,0.514187628079825,0.459944858941182
17,517600108002,0.0,0.18805568792974334,0.45592790523521004,0.46281571243787867,145.18909742883378,0.0,27.303635596877864,66.195761053719,67.19579556473828,0.504435245416913,0.504435245416913,Richmond,82.27933240206322,0.964201877934272,0.963846481415569,0.096491228070175,0.254708462332301,0.621313035204567,0.211960063103051,0.257629107981221,0.125586854460094,75.90053168741947,VA Congressional District 4,17.3,0.602305494478597,1704.0,0.4,0.211944312070257,72.33792048929664,0.600670375067958,D,90.79071792267229,88.76240624538421,0.522987686969065,0.459944858941182
18,517600108003,0.0,0.19503862963570825,0.440736485706123,0.4564557993082529,81.30302814049587,0.0,15.857231193755739,35.833210899908174,37.11123869605142,0.352380952380952,0.352380952380952,Richmond,82.27933240206322,0.910204081632653,0.90931260590879,0.033707865168539,0.088978849966953,0.361111111111111,0.122421896635169,0.058503401360544,0.206802721088435,80.5979674290694,VA Congressional District 4,17.3,0.602305494478597,735.0,0.4,0.204961370364292,71.74794520547945,0.536955431709782,D,91.30228545670072,88.9109580891741,0.435392538513374,0.459944858941182
19,517600109001,0.0,0.40268177391386967,0.3513334215607429,0.33214565666642915,145.64031141873278,0.0,58.64669895546373,51.16830892791552,48.37379687327824,0.746502057613169,0.746502057613169,Richmond,82.27933240206322,0.874897119341564,0.873655123233944,0.089715536105033,0.236822628394903,0.511194029850746,0.174066977312084,0.178600823045267,0.159670781893004,100.0,VA Congressional District 4,17.6,0.571020644983278,1215.0,0.4,0.0,70.78571428571429,0.433038385975845,D,90.33883846400778,87.17906770424658,0.505850969585537,0.459944858941182
20,517600109002,0.0,0.26513849694944114,0.37004776844129844,0.4753117560814113,62.69650513314967,0.0,16.623257134986225,23.20070181359045,29.800385955004586,0.295833333333333,0.295833333333333,Richmond,82.27933240206322,1.0,1.0,0.0,0.0,0.322916666666667,0.109278794266769,0.145669291338583,0.098425196850394,80.34100358926518,VA Congressional District 4,17.6,0.571020644983278,254.0,0.48,0.214861503050559,71.8581560283688,0.548857754621378,D,90.93543381796265,88.2962251416515,0.420831754534126,0.459944858941182
21,517600109003,0.0,0.21650758259250533,0.38730698724837226,0.47909112328105874,43.00049555325987,0.0,9.309933342516068,16.654392382920108,20.60115571625344,0.624169986719788,0.624169986719788,Richmond,82.27933240206322,0.891102257636122,0.890021142865362,0.0,0.0,0.8825,0.301837192238709,0.301460823373174,0.167330677290837,89.11915260454744,VA Congressional District 4,17.6,0.571020644983278,753.0,0.32,0.103492417407495,71.53886010362694,0.514375086758079,D,90.97817579247496,88.39782660911827,0.483570675594202,0.459944858941182
22,517600109004,0.0003040000371297755,0.2280983773996611,0.4371097286380835,0.5250713804870122,212.90084853076215,0.06472186585831241,48.562338096877866,93.06103212809916,111.78814244490356,0.598081023454158,0.598081023454158,Richmond,82.27933240206322,0.849115504682622,0.847617553916836,0.024640657084189,0.065044087450175,0.615126050420168,0.209831057810373,0.195629552549428,0.18522372528616,73.47527227645851,VA Congressional District 4,17.6,0.571020644983278,961.0,0.48,0.251901622600339,72.46394984326018,0.614281035326978,D,91.16154846540798,88.73729902368042,0.484312567156966,0.459944858941182
23,517600110001,0.0005858382356074001,0.29535637560083616,0.5065751309773399,0.28902104620481645,162.2969277479339,0.09507974579635128,47.93543235078053,82.21558743112948,46.90722785353536,0.480153649167734,0.480153649167734,Richmond,82.27933240206322,1.0,1.0,0.214953271028037,0.567413413963716,0.512476007677543,0.174508119107879,0.215736040609137,0.123096446700508,78.81043760555258,VA Congressional District 4,14.9,0.399582668303533,788.0,0.48,0.184643624399164,71.82537517053206,0.545317554620478,D,90.49564349972142,88.2314246550183,0.52782923419389,0.459944858941182
24,517600110002,0.0010888947142515578,0.13308224925958076,0.5470797057356177,0.44635096593350504,85.68692047061523,0.09330403478094654,11.40340810835629,46.877575236455456,38.246439719926535,0.555395683453237,0.555395683453237,Richmond,82.27933240206322,0.753956834532374,0.75151416772719,0.089783281733746,0.237001456929521,0.491416309012875,0.167261259533838,0.286330935251798,0.043165467625899,72.67840474852159,VA Congressional District 4,14.9,0.399582668303533,695.0,0.4,0.266917750740419,73.3875968992248,0.714031179897386,D,91.06023353381143,88.86028811748324,0.470797735974118,0.459944858941182
25,517600110003,0.0,0.18222853882878104,0.4649478379523519,0.5021435315391057,74.06704825757575,0.0,13.497129979338842,34.43731395087236,37.19228918273645,0.208198489751888,0.208198489751888,Richmond,82.27933240206322,0.721030042918455,0.718260485582808,0.052173913043478,0.13772378516624,0.335243553008596,0.113520603028021,0.126609442060086,0.124463519313305,82.43672913550542,VA Congressional District 4,14.9,0.399582668303533,932.0,0.4,0.217771461171219,72.7797619047619,0.648387460057553,C,91.60935457677603,89.06305354787814,0.370945581981674,0.459944858941182
26,517600111001,0.00021628610611329114,0.085843745839752,0.537701356003119,0.5361775165934463,103.94428391184573,0.022481704420027525,8.922966689623507,55.89098240817263,55.73258801193755,0.255681818181818,0.255681818181818,Richmond,82.27933240206322,0.76045197740113,0.758073793061249,0.044052863436123,0.116286602746825,0.404761904761905,0.137442585056197,0.084745762711864,0.203389830508475,72.60531612944465,VA Congressional District 4,15.8,0.346366672399088,885.0,0.4,0.314156254160248,74.11513859275053,0.792602738851145,D,91.05727093860185,88.85029321053801,0.401075701716054,0.459944858941182
27,517600111002,4.597875551601383e-06,0.13504942164206984,0.5629733678328849,0.5002844948578273,214.97233093893482,0.00098841602469489,29.031888962350784,121.0236971395776,107.54732399219469,0.349397590361446,0.349397590361446,Richmond,82.27933240206322,0.559036144578313,0.554658344569614,0.035087719298246,0.092621259029928,0.265243902439024,0.089433001111824,0.072289156626506,0.137349397590361,71.62234809011771,VA Congressional District 4,15.8,0.346366672399088,415.0,0.48,0.34495057835793,74.53353973168214,0.83778836882456,D,91.28475393605304,88.93111613477646,0.378377539382743,0.459944858941182
28,517600111003,0.00025375968678804375,0.025998839661270347,0.530483995135503,0.7875548092693213,88.5911472084481,0.02248086176780927,2.3032670316804404,46.996185704775016,69.77038404269972,0.648881239242685,0.648881239242685,Richmond,82.27933240206322,0.817555938037866,0.815744670274704,0.024752475247525,0.065339254513686,0.223157894736842,0.074950771678912,0.134251290877797,0.048192771084337,51.6498491120156,VA Congressional District 4,15.8,0.346366672399088,581.0,0.48,0.45400116033873,75.92171717171718,0.987705915184582,D,91.67592309510825,89.41860511376012,0.489831420548943,0.459944858941182
29,517600111004,0.00012263217704816174,0.11341246609680486,0.5497819215665204,0.5780456808322256,211.5501718227732,0.02594285812553936,23.992426689623507,116.3064599724518,122.28566310146924,0.533622559652928,0.533622559652928,Richmond,82.27933240206322,0.702515177797051,0.699561808623556,0.115658362989324,0.30530406112623,0.133726647000983,0.044176556710664,0.063313096270598,0.054640069384215,63.31692846415522,VA Congressional District 4,15.8,0.346366672399088,1153.0,0.48,0.366587533903195,74.48427672955975,0.832468163934665,D,91.54943082488604,89.17644542355421,0.460249970407855,0.459944858941182
30,517600201001,0.0,0.3422663105859851,0.40965866937587647,0.3462704982415745,215.49718226124884,0.0,73.75742551423323,88.28028893939393,74.62031667125802,0.842830009496676,0.842830009496676,Richmond,82.27933240206322,0.990978157644824,0.990888590617833,0.075098814229249,0.198238781678679,0.977464788732394,0.334515555750941,0.435422602089269,0.058879392212725,91.94343593433048,VA Congressional District 4,27.2,0.925164279976566,2106.0,0.4,0.057733689414015,71.95576131687243,0.559398730826737,D,90.809026711799,88.79133572458721,0.641839324724572,0.459944858941182
31,517600202001,0.0,0.14886110048574733,0.4877765650914708,0.48818566210949327,167.31513897842058,0.0,24.906715716253444,81.61240377869605,81.68085190312213,0.849863512283894,0.849863512283894,Richmond,82.27933240206322,1.0,1.0,0.137291280148423,0.362408599803558,1.099331423113658,0.376451121885306,0.458143767060964,0.065514103730664,61.024918983447776,VA Congressional District 4,24.8,0.830746731645416,2198.0,0.4,0.251138899514253,74.77025232403719,0.863352370957813,D,90.0044154360614,89.58477931646301,0.713803722762664,0.459944858941182
32,517600202002,0.0,0.17414069028464296,0.42934496039173486,0.5157461740790192,80.13644476354453,0.0,13.955015808080807,34.406178702938476,41.330064791092745,0.763052208835341,0.763052208835341,Richmond,82.27933240206322,0.978313253012048,0.978097951372276,0.032679738562091,0.086264898116109,0.919814957594449,0.314677654108751,0.366265060240964,0.11285140562249,80.45245789553883,VA Congressional District 4,24.8,0.830746731645416,2490.0,0.32,0.145859309715357,73.49444444444444,0.725570282429923,D,90.7454715362483,89.86618005482259,0.616401621084636,0.459944858941182
33,517600203001,0.0,0.10677065861567707,0.518069998881807,0.5264508554176451,88.3944515151515,0.0,9.43793380624426,45.794513397612484,46.535334614325066,0.47,0.47,Richmond,82.27933240206322,0.855,0.853560469314079,0.030864197530864,0.081472403776325,0.337792642140468,0.114397770896115,0.1675,0.085,59.70942333073879,VA Congressional District 4,16.6,0.560676052792108,400.0,0.48,0.373229341384323,75.10025062656642,0.898990852315719,D,90.92005293610973,89.7771696225456,0.496516258182391,0.459944858941182
34,517600203002,0.0,0.1599240839485164,0.429437088209426,0.5471334195948939,112.10147176538109,0.0,17.927725181359047,48.14052961891644,61.33446158861341,0.485853658536585,0.485853658536585,Richmond,82.27933240206322,0.878729547641963,0.877525599107723,0.071120689655172,0.187737702839756,0.723051409618574,0.246969287328392,0.164581328200193,0.255052935514918,72.66339555853745,VA Congressional District 4,16.6,0.560676052792108,1039.0,0.4,0.240075916051484,74.03155818540434,0.78357639306008,D,91.15905150494488,89.77707786241187,0.523723115610774,0.459944858941182
35,517600204001,0.0017854839749790418,0.20314613455862462,0.4549095768949687,0.46719209913230964,61.2002834963269,0.109272125446866,12.432601026170797,27.840595071166202,28.59228891414141,0.755369928400955,0.755369928400955,Richmond,82.27933240206322,0.878281622911695,0.877073227471287,0.126811594202899,0.334745311167945,0.639921722113503,0.218363504245948,0.130071599045346,0.260143198090692,74.02810766126822,VA Congressional District 4,24.1,0.758679846839438,838.0,0.4,0.196853865441375,73.2274368231047,0.696734539753058,D,90.73303388205507,89.79449457669217,0.606827726313105,0.459944858941182
36,517600204002,0.0,0.22755786515364423,0.40319749714982633,0.5088633772569399,46.600323266758494,0.0,10.60427007805326,18.789133707529842,23.71319787878788,0.982905982905983,0.982905982905983,Richmond,82.27933240206322,0.938461538461538,0.937850597056373,0.124401913875598,0.32838446383338,0.477272727272727,0.162394307144022,0.251282051282051,0.071794871794872,75.94887492597118,VA Congressional District 4,24.1,0.758679846839438,585.0,0.4,0.172442134846356,73.06132075471699,0.678794676544338,D,91.40004785644915,89.69273928645299,0.641501645720589,0.459944858941182
37,517600204003,0.00039329433164544513,0.20484176555587563,0.5088303555327605,0.49060054848674334,211.02433207988983,0.08299467364628674,43.22659675849404,107.37558591827366,103.52865306244261,0.754237288135593,0.754237288135593,Richmond,82.27933240206322,0.982142857142857,0.98196557503868,0.088888888888889,0.234640522875817,1.137404580152672,0.389552488006229,0.45,0.082142857142857,61.62561232276962,VA Congressional District 4,24.1,0.758679846839438,840.0,0.48,0.275158234444124,73.53213909378293,0.729641152029695,D,91.52499594098032,89.24800540884382,0.641452812154242,0.459944858941182
38,517600204004,0.0,0.26920451049974115,0.45346952861826556,0.3741606584189243,65.87279463269054,0.0,17.733253434343432,29.871305130853994,24.647008211662076,0.608219178082192,0.608219178082192,Richmond,82.27933240206322,1.0,1.0,0.064606741573034,0.170542795769993,0.693735498839907,0.236881379990262,0.245205479452055,0.164383561643836,83.51628039465912,VA Congressional District 4,24.1,0.758679846839438,730.0,0.4,0.130795489500259,73.29096989966555,0.703595854939441,D,90.6936884678728,89.42405721605651,0.579653175936888,0.459944858941182
39,517600204005,2.03556125512707e-05,0.22558549022401808,0.4305757702211682,0.5745743045872307,48.556654678604225,0.0009884004494235133,10.953676749311295,20.907318987603304,27.899406095041325,0.977229601518026,0.977229601518026,Richmond,82.27933240206322,0.963302752293578,0.962938429437287,0.171052631578947,0.451528637770898,0.441587068332109,0.150114503749511,0.306320081549439,0.0,100.0,VA Congressional District 4,24.1,0.758679846839438,1962.0,0.2,0.0,73.72222222222223,0.750169360742939,D,91.21673207166724,89.68245279498214,0.675110063343017,0.459944858941182
40,517600205001,0.00030772213955409795,0.1388380545974346,0.44448122317144134,0.6216424770402355,117.20394584940311,0.03606624898096097,16.272367832874195,52.09495321166207,72.85895121671257,0.310302282541641,0.310302282541641,Richmond,82.27933240206322,0.687761194029851,0.68466135028827,0.012291483757682,0.032445901977999,0.101973684210526,0.033250034633298,0.07044776119403,0.022089552238806,81.6386188815708,VA Congressional District 4,12.7,0.12017522535252,1675.0,0.4,0.261161945402565,73.80761904761904,0.759391872333462,D,91.68446003248593,89.43200064599066,0.323371111187865,0.459944858941182
41,517600205002,0.037046514153938705,0.11988273331590747,0.3663488434394323,0.7598191325172099,227.831188335629,8.440351343384554,27.3130255922865,83.46569234618917,173.1104958815427,0.317817966202194,0.317817966202194,Richmond,82.27933240206322,0.250815297954343,0.243377543692157,0.005633802816901,0.014871582435791,0.044272445820433,0.013394443225298,0.008894159501927,0.033501334123925,85.32848580778271,VA Congressional District 4,12.7,0.12017522535252,3373.0,0.4,0.280117266684093,73.58895131086142,0.735776641587474,D,91.6631159860548,89.56928750147561,0.240902233749239,0.459944858941182
42,517600206001,0.0,0.11523875017873071,0.367201383545881,0.694670080139444,72.58417029843893,0.0,8.36450906795225,26.65300775711662,50.42205139807162,0.166204986149584,0.166204986149584,Richmond,82.27933240206322,0.462603878116344,0.457268718061542,0.007102272727273,0.018747911096257,0.423127463863338,0.143762363412292,0.187442289935365,0.109879963065559,83.0687833387183,VA Congressional District 4,12.9,0.200896590236849,1083.0,0.4,0.284761249821269,72.83128834355828,0.653952106949401,D,91.49647868763304,89.60578171623219,0.273472112650987,0.459944858941182
43,517600206002,0.0,0.12085026536095753,0.2663768791774921,0.7616470144116537,44.511543498622586,0.0,5.379231843434344,11.856846044536272,33.90208421258035,0.337700145560408,0.337700145560408,Richmond,82.27933240206322,0.423295454545454,0.41757004840827,0.0,0.0,0.113924050632911,0.037362279005847,0.059659090909091,0.042613636363636,83.40088103572675,VA Congressional District 4,12.9,0.200896590236849,704.0,0.4,0.279149734639042,72.77114427860697,0.647456791303447,D,92.027715322248,89.55337348383662,0.273497642419137,0.459944858941182
44,517600207001,0.0,0.08557676619350628,0.4535548213411649,0.6691976668298254,121.16059338842975,0.0,10.368531772268135,54.95297128787878,81.08038640725435,0.529159519725557,0.529159519725557,Richmond,82.27933240206322,0.777400169923534,0.775190243812667,0.05663430420712,0.1494979059585,0.332955832389581,0.112733374761624,0.121495327102804,0.128292268479184,65.94142699979085,VA Congressional District 4,16.0,0.515386394896894,1177.0,0.4,0.314423233806494,75.17744916820702,0.907327982434357,D,91.59649594702861,89.99132315512806,0.498215903598267,0.459944858941182
45,517600208001,0.0,0.23424247150087033,0.39662588415216976,0.4657846944832929,196.47626393021122,0.0,46.02308565426998,77.92757189623508,91.51563656795226,0.273480662983425,0.273480662983425,Richmond,82.27933240206322,0.248618784530387,0.241159223726988,0.034035656401945,0.089844122413957,0.23972602739726,0.080652037053405,0.095580110497237,0.097790055248619,91.03811335283866,VA Congressional District 4,12.1,0.195755736368783,1810.0,0.4,0.16575752849913,72.43502824858757,0.611157620131563,D,91.36515897716289,88.8506445433768,0.248674900446354,0.459944858941182
46,517600209001,0.00525444023331895,0.3204640743034626,0.5234309633064488,0.22335153006835864,536.6221757690543,2.819649150452072,171.96812880853994,280.88466239439856,119.85538402662996,0.574162679425837,0.574162679425837,Richmond,82.27933240206322,0.883373205741627,0.88221535850621,0.064814814814815,0.171092047930283,0.575871819038643,0.196323271823574,0.26255980861244,0.102870813397129,83.32311190373514,VA Congressional District 4,15.9,0.489515250890936,1672.0,0.48,0.159535925696537,72.06760098928277,0.571476962895574,D,89.9824274907376,87.69111697802109,0.480797595245402,0.459944858941182
47,517600209002,0.0,0.1563912201420271,0.4884922005194649,0.5103817917035747,65.83572886134068,0.0,10.296129965564738,32.16024006427916,33.6013572543618,0.380764163372859,0.380764163372859,Richmond,82.27933240206322,0.866930171277997,0.865609080920649,0.044619422572178,0.117782152230971,0.445714285714286,0.151534721829381,0.176548089591568,0.131752305665349,76.14902812846405,VA Congressional District 4,15.9,0.489515250890936,759.0,0.4,0.243608779857973,73.2271186440678,0.696700177704562,D,90.93445755554754,89.19779041507921,0.450317591158226,0.459944858941182
48,517600209003,0.0,0.15494001039751817,0.41162959011352324,0.5663181572607636,72.72329049357208,0.0,11.267747385215793,29.935058257575758,41.18451986225895,0.436447166921899,0.436447166921899,Richmond,82.27933240206322,0.750382848392037,0.74790469977499,0.034591194968553,0.091310580836108,0.218283582089552,0.073273470410868,0.05666156202144,0.122511485451761,76.60532595696775,VA Congressional District 4,15.9,0.489515250890936,653.0,0.4,0.245059989602482,74.14723926380368,0.796069481431746,D,91.39243757275752,89.60946355482504,0.439086775044424,0.459944858941182
49,517600210001,0.0,0.32220692527013994,0.44046723690304707,0.35450473993056886,116.30794260330578,0.0,37.47522457070707,51.22983810835628,41.23171694444444,0.563931297709924,0.563931297709924,Richmond,82.27933240206322,0.773854961832061,0.771609839611982,0.122772277227723,0.324082702387886,0.590288315629742,0.201284137029144,0.343511450381679,0.027671755725191,91.89873400074543,VA Congressional District 4,20.2,0.531697722935843,1048.0,0.4,0.07779307472986,71.23238095238095,0.481276578570147,D,89.71203137152618,87.38710576808262,0.478980379707488,0.459944858941182
50,517600210002,0.0,0.23751953044994645,0.44245320006788114,0.465819518161124,84.45411291551882,0.0,20.059501244260787,37.36699251836547,39.34037418503213,0.586826347305389,0.586826347305389,Richmond,82.27933240206322,0.823952095808383,0.822204327806481,0.069047619047619,0.182265406162465,0.48576512455516,0.165316628661186,0.263473053892216,0.063473053892215,82.12839400516576,VA Congressional District 4,20.2,0.531697722935843,835.0,0.4,0.162480469550054,73.6939313984169,0.74711406624882,D,90.19737875827664,88.48557638306109,0.505904083186697,0.459944858941182
51,517600211001,0.003601726762770105,0.22570198116530535,0.5129137950514067,0.4340187549429443,371.81169451331493,1.339164130839509,83.91863607208447,190.70734727731863,161.3732487258953,0.469524447421299,0.469524447421299,Richmond,82.27933240206322,0.837606837606838,0.835994631120985,0.044334975369458,0.117031295276731,0.545731707317073,0.185951748438078,0.192636423405654,0.160420775805391,75.54734372366116,VA Congressional District 4,17.0,0.456658742997518,1521.0,0.48,0.254298018834695,72.22492581602374,0.588467407579596,D,91.1535843705888,88.73824598179672,0.442271378805701,0.459944858941182
52,517600212001,1.098768280757271e-06,0.36186874319449647,0.3750550758205885,0.3663242534685406,224.89261398301196,0.0002471048708211227,81.38160757575758,84.34711638888889,82.38361892791552,0.530984204131227,0.530984204131227,Richmond,82.27933240206322,0.823207776427703,0.821452618973466,0.102156640181612,0.269663484008814,0.473589973142346,0.161127033454424,0.160996354799514,0.160388821385176,87.59334758082741,VA Congressional District 4,18.1,0.554430707735813,1646.0,0.48,0.118131256805504,71.96748768472906,0.56066513110532,D,90.93534459292246,87.75747577541469,0.483053863234844,0.459944858941182
53,517600301001,3.523312130221616e-05,0.18684511516215938,0.4896465180318627,0.43040671295919863,91.1714191046832,0.003212253668610491,17.034934302112028,44.64176790863177,39.24079081267218,0.802325581395349,0.802325581395349,Richmond,82.27933240206322,0.988372093023256,0.988256653513559,0.293269230769231,0.774144513574661,1.053050397877984,0.360525343640993,0.085271317829457,0.427648578811369,64.22221382322348,VA Congressional District 4,27.4,0.953452438435538,774.0,0.4,0.213154884837841,73.75182481751825,0.753366321250061,D,91.37355320759171,89.29768705200102,0.772011808635027,0.459944858941182
54,517600301002,0.0,0.09641541303252699,0.48734512720723566,0.6166497100919606,75.0500325137741,0.0,7.235979882920109,36.57526764233241,46.27958079201101,0.949620801733478,0.949620801733478,Richmond,82.27933240206322,0.969305331179322,0.96900060071269,0.245647969052224,0.64843838889521,0.986096256684492,0.337485732920267,0.474959612277867,0.021540118470652,62.45845872918429,VA Congressional District 4,27.4,0.953452438435538,1857.0,0.32,0.223584586967473,73.9585798816568,0.775695031556992,D,91.61530860170632,89.2233836133095,0.772282165709029,0.459944858941182
55,517600302001,4.482480397768415e-05,0.027273667695384564,0.3961155842140653,0.7912311856692126,143.32345360422406,0.006424445713214052,3.908956246556474,56.772653556014696,113.40198612947658,0.58056640625,0.58056640625,Richmond,82.27933240206322,0.54736328125,0.542869595414034,0.08507570295602,0.224574833538318,0.128374655647383,0.04233488127178,0.05224609375,0.0615234375,65.7842486886463,VA Congressional District 4,18.8,0.318658373303995,2048.0,0.4,0.372726332304615,74.40895061728395,0.824333248610769,D,92.06741507412745,89.50090849857507,0.422222889731483,0.459944858941182
56,517600302002,7.109438873864882e-05,0.03490845946648071,0.24799896085428716,0.8802425584861288,180.7252879476584,0.01284855387625507,6.3088413888888875,44.81968361111111,159.08208984618915,1.0,1.0,Richmond,82.27933240206322,0.640070921985816,0.636497618864736,0.334437086092715,0.882815543435917,0.005347593582888,0.0,0.00531914893617,0.0,41.426526245218895,VA Congressional District 4,18.8,0.318658373303995,564.0,0.48,0.445091540533519,74.12546125461255,0.793717544562307,D,91.56552568097604,89.26762755120633,0.605281513361159,0.459944858941182
57,517600305001,0.013315561031742461,0.040340930402993816,0.36766008523260074,0.8054515394669645,428.20973667355366,5.701852883063072,17.27437918503214,157.43562828282825,344.90219161845727,0.378414688759516,0.378414688759516,Richmond,82.27933240206322,0.41871921182266,0.412948373672885,0.030415890751086,0.080289005732647,0.042483660130719,0.012778903615362,0.005821764442454,0.034930586654725,72.10248660841873,VA Congressional District 4,15.7,0.207914727471026,2233.0,0.48,0.439659069597006,72.875587858059,0.658736275260565,D,90.88368627657559,88.76756512596782,0.291846995752,0.459944858941182
58,517600305002,0.0008123422310542994,0.004122125094906303,0.3544355678588466,0.9497752484361457,73.55381087695133,0.05975086683032864,0.30319800964187327,26.070086726354454,69.85958899908172,0.751889168765743,0.751889168765743,Richmond,82.27933240206322,0.555165496489468,0.550749269469057,0.178832116788321,0.472064190639759,0.076673866090713,0.024544106211318,0.0,0.071213640922768,67.15538381478866,VA Congressional District 4,15.7,0.207914727471026,1994.0,0.32,0.315877874905094,74.76060606060607,0.862310613540188,D,92.5408910209688,88.9200068405786,0.478245346016182,0.459944858941182
59,517600402001,0.0,0.04886236405530861,0.35216045556598446,0.7734861856384161,125.57957464876031,0.0,6.13611489439853,44.224160218089985,97.13406618916436,0.626410835214447,0.626410835214447,Richmond,82.27933240206322,0.595967429236138,0.591956275555269,0.130254996554101,0.343834880609721,0.087268128161889,0.028189701086291,0.034509499806126,0.04575416828228,72.3132661441087,VA Congressional District 4,17.4,0.252995900311808,2579.0,0.32,0.271137635944691,75.80035335689045,0.974599114273558,D,92.46586437593139,89.238385974774,0.469664451175182,0.459944858941182
60,517600402002,0.00011480525136708514,0.020055141058817786,0.5511202978395797,0.8294853172049639,875.9202698645546,0.10056024675932525,17.566704568411385,482.7374400114784,726.5630028948576,0.397210743801653,0.397210743801653,Richmond,82.27933240206322,0.378615702479339,0.372446724796372,0.029813664596273,0.07869930580928,0.080357142857143,0.025811559745372,0.003099173553719,0.071280991735537,64.60166437633639,VA Congressional District 4,17.4,0.252995900311808,1936.0,0.48,0.459944858941182,76.005331302361,0.996735902955332,D,92.31356558902685,89.8427740099941,0.353983356236636,0.459944858941182
61,517600403001,0.0,0.037432019854641174,0.3108193127298974,0.8395880856713872,128.04148318181817,0.0,4.792851340679522,39.79776580348943,107.50210375114783,0.818872017353579,0.818872017353579,Richmond,82.27933240206322,0.534780189204229,0.530161580974307,0.313253012048193,0.826895818568391,0.032461936225223,0.00933032502982,0.015581524763495,0.015859766277129,64.64119092211999,VA Congressional District 4,26.1,0.428519022209903,3594.0,0.32,0.282567980145359,74.54939341421144,0.839500502386897,D,92.22507449889753,88.97872366463035,0.575546544420483,0.459944858941182
62,517600404001,0.0,0.02200878455958738,0.2765204395924839,0.8949789498623996,67.79206027318641,0.0,1.492020849403122,18.74589030762167,60.67246691230487,0.617255621844883,0.617255621844883,Richmond,82.27933240206322,0.276909334524341,0.269730636581893,0.085949177877429,0.226880550426448,0.240443213296399,0.080898828120186,0.023224653863332,0.170611880303707,85.88626335792627,VA Congressional District 4,18.1,0.333290293812577,2239.0,0.2,0.177991215440413,72.88925081433224,0.660211819251869,C,90.99017592560787,89.35391813951034,0.364711291672976,0.459944858941182
63,517600404002,0.0,0.03649284253578732,0.2787934560327198,0.8453680981595092,48.33376584022038,0.0,1.7638365059687786,13.475137621671255,40.859823705234156,0.615953947368421,0.615953947368421,Richmond,82.27933240206322,0.089611419508327,0.080573265730882,0.092436974789916,0.244006426099851,0.206698564593301,0.069286946372944,0.035685963521015,0.135606661379857,81.66442347478416,VA Congressional District 4,18.1,0.333290293812577,1261.0,0.32,0.283507157464213,70.86574074074075,0.441680919297201,C,90.57440301756189,88.09835085526333,0.297465299780313,0.459944858941182
64,517600405001,0.00041925853681744113,0.03915613370735378,0.29036758515856703,0.8588647904166679,83.06859438246097,0.034827217336272094,3.2526449885215794,24.1204271533517,71.34469090449953,0.297671491504091,0.297671491504091,Richmond,82.27933240206322,0.118942731277533,0.110195772833537,0.055502392344498,0.146509991556431,0.211128048780488,0.070811177578769,0.03335431088735,0.140969162995595,86.50292238275071,VA Congressional District 4,12.9,0.1571721934206,1589.0,0.32,0.280843866292646,71.81233243967829,0.543908992464777,C,90.29133552739219,88.38784679527218,0.221044936559701,0.459944858941182
65,517600405002,0.0005505399249394586,0.03934748484281168,0.3211055746770547,0.851787180114921,68.63493591368227,0.03778627246614319,2.700612100550964,22.039060539485764,58.46235851928374,0.27292817679558,0.27292817679558,Richmond,82.27933240206322,0.149171270718232,0.140724415102619,0.009377664109122,0.024754275111579,0.222972972972973,0.074887138192209,0.075690607734807,0.106629834254144,86.49137925603881,VA Congressional District 4,12.9,0.1571721934206,1810.0,0.32,0.280652515157188,72.86731391585761,0.657842722982747,C,90.33585501575409,88.30602065018405,0.221384820267556,0.459944858941182
66,517600406001,0.0,0.083087854782851,0.31463383888645624,0.8317211363666521,74.49033936639118,0.0,6.1892425,23.43718143480257,61.95518970615244,0.361362426822778,0.361362426822778,Richmond,82.27933240206322,0.223523150612028,0.215814445428573,0.012160228898426,0.032099427753934,0.164910105393676,0.054907106449437,0.028206492815327,0.113358169238957,88.44354856889642,VA Congressional District 4,13.0,0.111022652390499,1879.0,0.32,0.236912145217149,72.06268656716418,0.570946225192635,C,90.89176448739784,88.54849889448428,0.224358714006309,0.459944858941182
67,517600407001,0.0,0.11858304755147359,0.3777985088245642,0.6948068727799895,169.257879607438,0.0,20.071115185950415,63.9453745224977,117.60153802341597,0.216039279869067,0.216039279869067,Richmond,82.27933240206322,0.11681136543015,0.108043247216911,0.032961190855928,0.08700784939175,0.25197628458498,0.084867476932145,0.080505130228887,0.120757695343331,87.53917578253156,VA Congressional District 4,11.5,0.102354455824167,2534.0,0.4,0.281416952448526,72.55059132720105,0.623637965003834,C,91.14758594887681,88.91173650128819,0.203658379039646,0.459944858941182
68,517600408001,5.976603355687002e-05,0.12101763027576641,0.3645647102668361,0.7417513549242244,140.56600732093662,0.008401072710498335,17.010965103305782,51.24540573232323,104.26502638659318,0.270997375328084,0.270997375328084,Richmond,82.27933240206322,0.152887139107612,0.144477173882146,0.051367025683513,0.135593839855743,0.247135842880524,0.083201831004961,0.064304461942257,0.133858267716535,85.0407951906877,VA Congressional District 4,11.8,0.136398918066315,1524.0,0.4,0.278982369724234,73.34177215189874,0.709082292612834,C,91.24469010901137,89.0647284321706,0.246625238458347,0.459944858941182
69,517600409001,0.0,0.13438710105271048,0.388542726897892,0.6906628529578829,85.70075835858586,0.0,11.517076473829201,33.29840634986226,59.190330268595034,0.148992112182296,0.148992112182296,Richmond,82.27933240206322,0.067484662576687,0.058226838829705,0.00407747196738,0.010763326737423,0.107766990291262,0.035243571022637,0.063978965819457,0.03330411919369,91.48897396212983,VA Congressional District 4,11.4,0.095001714958347,1141.0,0.4,0.26561289894729,71.73958333333333,0.536052383353737,C,90.69683501273836,88.39448573967226,0.147379991180691,0.459944858941182
70,517600409002,0.0,0.12466041647328197,0.3163309508338748,0.752452117949194,79.86191095041322,0.0,9.955619079430669,25.26279422635445,60.092264038108354,0.293405114401077,0.293405114401077,Richmond,82.27933240206322,0.294751009421265,0.287749440020213,0.018200202224469,0.048043180871944,0.297816593886463,0.100641600276833,0.127187079407806,0.10228802153432,90.170150893755,VA Congressional District 4,11.4,0.095001714958347,1486.0,0.32,0.195339583526718,71.99721448467966,0.563875505212549,C,91.48358461077348,88.77739479827173,0.23145275929016,0.459944858941182
71,517600410001,0.0,0.06775234922789053,0.2926613616268789,0.8000699113770485,60.087321935261706,0.0,4.071057219926538,17.585237454086318,48.07405833562902,0.137148047229791,0.137148047229791,Richmond,82.27933240206322,0.119891008174387,0.111153464031714,0.0,0.0,0.339416058394161,0.114956405177073,0.133514986376022,0.119891008174387,92.71132133603696,VA Congressional District 4,10.5,0.067562870150475,1101.0,0.32,0.252247650772109,70.17037037037036,0.36658373306519,C,90.15107705387076,88.10440880732266,0.132900753275707,0.459944858941182
72,517600410002,0.0,0.0579335305491745,0.30875572228924625,0.827017468475764,59.808340229568415,0.0,3.464908305785124,18.46616728650138,49.462542130394866,0.204130262112788,0.204130262112788,Richmond,82.27933240206322,0.074102964118565,0.064910845531294,0.031762295081967,0.083843117164899,0.180478821362799,0.060264462229918,0.087363494539782,0.065522620904836,91.11818638731016,VA Congressional District 4,10.5,0.067562870150475,1282.0,0.32,0.262066469450825,70.98518518518519,0.454580435973538,C,90.74481964426217,88.29881243168514,0.155881998860485,0.459944858941182
73,517600411001,0.0,0.036178956624733055,0.35451249932702833,0.8312501121619439,55.077759384756654,0.0,1.9926558677685948,19.525754136822773,45.78339366620752,0.651705565529623,0.651705565529623,Richmond,82.27933240206322,0.163375224416517,0.155069382781663,0.028132992327366,0.074262825334737,0.09861932938856,0.032095766533675,0.035906642728905,0.053859964093357,75.31431494612795,VA Congressional District 4,14.7,0.17182242774526,557.0,0.4,0.363821043375267,74.068,0.787511961577135,D,91.68829287279824,89.18919485968509,0.312077988250349,0.459944858941182
74,517600411002,0.0,0.06794988492477559,0.33715560686455165,0.8244751311709552,66.78214155647382,0.0,4.5378388337924696,22.515973464187322,55.060214919651045,0.361034164358264,0.361034164358264,Richmond,82.27933240206322,0.217913204062788,0.210148804464134,0.053846153846154,0.142138009049774,0.048402710551791,0.014815709929459,0.034164358264081,0.012003693444137,85.02222078179965,VA Congressional District 4,14.7,0.17182242774526,1083.0,0.32,0.252050115075224,73.62751677852349,0.739941556042487,D,91.21316361100703,88.89012897354473,0.27331677859823,0.459944858941182
75,517600411003,5.251176920027201e-06,0.07172357659538156,0.3048087905163247,0.8464994158035,94.11370003443525,0.0004942076894791895,6.750171173094581,28.686683078512395,79.66719209825527,0.303823991618648,0.303823991618648,Richmond,82.27933240206322,0.224724986904138,0.217028213308421,0.035455861070912,0.093593045032774,0.164024390243902,0.054602322728871,0.100576217915139,0.040335254059717,86.73982309011006,VA Congressional District 4,14.7,0.17182242774526,1909.0,0.32,0.248276423404618,72.63764705882353,0.63303963175408,C,91.76113383776264,89.2266272337103,0.245651605364676,0.459944858941182
76,517600412001,0.0,0.10128429655575015,0.3803488817329843,0.6593318644897652,78.73214623966942,0.0,7.974330048209366,29.94568377869605,51.91061277548209,0.459097320169252,0.459097320169252,Richmond,82.27933240206322,0.201692524682652,0.193767089458382,0.031446540880503,0.083009618941916,0.061377245508982,0.019280381260725,0.023977433004231,0.033850493653032,86.75512459986912,VA Congressional District 4,17.0,0.240783044577155,1418.0,0.32,0.21871570344425,73.02849002849003,0.675249090959084,D,90.00608200699655,87.53326010278148,0.278531090894419,0.459944858941182
77,517600413001,1.5024331905520992e-06,0.12418380194294952,0.47418365169940474,0.5496915500025541,164.4697232644628,0.00024710477107344766,20.424475539485766,77.98885397153352,90.40761710973369,0.554805194805195,0.554805194805195,Richmond,82.27933240206322,0.743801652892562,0.741258167497091,0.102079395085066,0.269459579673079,0.448017950635752,0.152327436694742,0.140495867768595,0.168904958677686,69.49828319430095,VA Congressional District 4,16.7,0.448162058159816,1936.0,0.4,0.27581619805705,74.97834912043302,0.885825982919305,D,90.36073744490332,88.36206534560382,0.508639736624871,0.459944858941182
78,517600413002,0.04898043911214869,0.2807921328706354,0.5427020164474967,0.2353253173139481,468.68481767217634,22.956388174780542,131.60300959825528,254.35619562901744,110.2934034389348,0.441943127962085,0.441943127962085,Richmond,82.27933240206322,0.620649651972158,0.616883538408705,0.1309963099631,0.345791729976123,0.361769352290679,0.122648404215839,0.153132250580046,0.112529002320186,82.6271867565974,VA Congressional District 4,16.7,0.448162058159816,862.0,0.48,0.199207867129365,70.76928495949278,0.431264085224052,D,89.80523968607328,86.4181930478569,0.40111549065777,0.459944858941182
79,517600414001,0.0,0.1592876316567711,0.46481380377169634,0.5010265247162128,86.89995961432507,0.0,13.842088758034896,40.39230077594123,43.53918476354453,0.473354231974922,0.473354231974922,Richmond,82.27933240206322,0.553930530164534,0.549502042648117,0.164325842696629,0.433771893588896,0.27953216374269,0.094349739232041,0.068555758683729,0.149908592321755,77.99029700613573,VA Congressional District 4,13.8,0.288601519017601,1094.0,0.4,0.240712368343229,73.10714285714286,0.683743278190372,D,90.41429465839619,88.34107887215985,0.420553784108658,0.459944858941182
80,517600414002,0.0,0.0747852745100181,0.33782627533651555,0.7268589820610006,67.86816865702478,0.0,5.0755396235078045,22.927650631313128,49.33058798438934,0.382922535211268,0.382922535211268,Richmond,82.27933240206322,0.534330985915493,0.529707918086134,0.033962264150943,0.089650388457269,0.345971563981043,0.11721222227975,0.127640845070423,0.129401408450704,81.02158940140534,VA Congressional District 4,13.8,0.288601519017601,1136.0,0.32,0.245214725489982,73.51465798045602,0.727753262526502,D,90.83065663237457,88.7838362953628,0.355974640929754,0.459944858941182
81,517600416001,0.033063788843938346,0.33073742597538436,0.4703064103900881,0.27258628234484694,601.9515861937557,19.90280014018409,199.08791817952246,283.101689731405,164.08374503213957,0.214492753623188,0.214492753623188,Richmond,82.27933240206322,0.350724637681159,0.344278763145503,0.059782608695652,0.157808503836317,0.351174934725848,0.119002755833895,0.066666666666667,0.193236714975845,92.4140589373781,VA Congressional District 4,10.1,0.180361418332539,1035.0,0.48,0.149262574024616,70.35568326947637,0.386596776312841,D,89.50840571502425,86.45498266233336,0.233756828514047,0.459944858941182
82,517600416002,9.010551355637451e-06,0.1338957469814381,0.46258334835105425,0.5645003604253018,109.6949147842057,0.0009884116631153593,14.68768255509642,50.743040977961435,61.922818932506885,0.202928870292887,0.202928870292887,Richmond,82.27933240206322,0.48326359832636,0.478133543797109,0.03921568627451,0.103517877739331,0.517460317460318,0.176223271525035,0.092050209205021,0.248953974895398,77.19481941079661,VA Congressional District 4,10.1,0.180361418332539,478.0,0.48,0.346104253018562,73.04665314401623,0.677210633940126,C,91.24738121118506,88.65149616819728,0.303062602604505,0.459944858941182
83,517600501001,7.017008618717108e-05,0.09117767905814966,0.48149718893146853,0.6758178948310511,242.96761382920107,0.017049058403086337,22.153223115243343,116.98822306014692,164.20186129017446,0.473128598848368,0.473128598848368,Richmond,82.27933240206322,0.241996233521657,0.234470925370699,0.0,0.0,0.464827586206897,0.158111805712294,0.099811676082862,0.217514124293785,72.89578826279548,VA Congressional District 4,11.4,0.196277618537953,1062.0,0.48,0.38882232094185,74.75527039413382,0.861734383151589,B,91.71359845775731,88.99112505196115,0.32062055527015,0.459944858941182
84,517600501002,0.0,0.1984341147903695,0.3551175204613122,0.5642074754773347,171.8816420087236,0.0,34.10718148071625,61.03818252295683,96.97690731864094,0.143513789581205,0.143513789581205,Richmond,82.27933240206322,0.073033707865168,0.063830973917981,0.007109004739336,0.018765681628101,0.477735849056604,0.162553672127675,0.161899897854954,0.161389172625128,91.97374043626836,VA Congressional District 4,11.4,0.196277618537953,1958.0,0.4,0.201565885209631,71.53488372093024,0.513945653516992,B,91.15491274082336,88.19064028422788,0.183147898218318,0.459944858941182
85,517600502001,0.0,0.20149244255196672,0.396947674213533,0.5547475841985634,175.14095883608815,0.0,35.28957958677686,69.52179626951332,97.15902380853994,0.088082901554404,0.088082901554404,Richmond,82.27933240206322,0.058031088082901,0.048679411159537,0.014150943396226,0.037354328523862,0.455505279034691,0.154903903640248,0.128497409326425,0.184455958549223,89.5744343174109,VA Congressional District 4,9.3,0.07455880352172,965.0,0.48,0.278507557448033,72.60456273764258,0.629466658939949,B,91.20905515852817,88.28043186279699,0.17217433455662,0.459944858941182
86,517600502002,0.0,0.2856639297344669,0.38639252070485436,0.3992180501702633,152.8231636960514,0.0,43.656065495867765,59.04972744260789,61.00976543158861,0.095890410958904,0.095890410958904,Richmond,82.27933240206322,0.066330209084355,0.057060924156492,0.032858707557503,0.086737323626055,0.405268490374873,0.137616906391838,0.204758471521269,0.083633741888969,96.33817191518298,VA Congressional District 4,9.3,0.07455880352172,1387.0,0.4,0.114336070265533,70.77583697234353,0.431971676099667,B,90.81804488632508,86.87480456244019,0.147306007459113,0.459944858941182
87,517600502003,0.0,0.24546752086465756,0.3915173999259114,0.45103615087925736,90.71921669421488,0.0,22.26862121671258,35.518151843434346,40.91764630853994,0.0,0.0,Richmond,82.27933240206322,0.043478260869565,0.033982106419714,0.0,0.0,0.434782608695652,0.147773018990027,0.168642951251647,0.134387351778656,96.22465922363853,VA Congressional District 4,9.3,0.07455880352172,759.0,0.4,0.154532479135342,70.64547677261614,0.417893302022618,B,91.02156853929,87.26609845243226,0.11236787182568,0.459944858941182
88,517600503001,0.0,0.22550299294458595,0.44278760731187,0.4697456715868644,171.89523279155188,0.0,38.76288946740128,76.11307883608815,80.74704157024793,0.107984293193717,0.107984293193717,Richmond,82.27933240206322,0.024869109947644,0.015188207609579,0.03182256509161,0.084002212263883,0.434741784037559,0.147758970804008,0.115837696335078,0.18717277486911,93.99926303828234,VA Congressional District 4,10.0,0.103209141633944,1528.0,0.4,0.174497007055414,71.32124352331606,0.490873376654907,B,91.31137825199778,87.56339343094153,0.158169367026673,0.459944858941182
89,517600504001,0.0,0.2698374354970958,0.4105944332336638,0.41790811742351713,251.64322827134984,0.0,67.90276337695133,103.32330868916436,105.16374778925619,0.067226890756303,0.067226890756303,Richmond,82.27933240206322,0.046541693600517,0.037075952291497,0.0,0.0,0.436397400185701,0.148328685400838,0.16677440206852,0.137039431157078,93.69703022862072,VA Congressional District 4,8.5,0.087311640673154,1547.0,0.48,0.210162564502904,71.2919254658385,0.487707145080818,B,91.15321091592111,87.38042229850879,0.137941719033768,0.459944858941182
90,517600504002,0.0,0.30527936269937106,0.40370957496122745,0.4097197502532377,215.89205627869606,0.0,65.90738935261709,87.15769027777777,88.4552393801653,0.04672131147541,0.04672131147541,Richmond,82.27933240206322,0.064754098360656,0.055469166124164,0.039106145251397,0.10322872165626,0.871165644171779,0.297936923466719,0.229508196721311,0.236065573770492,93.84932381142842,VA Congressional District 4,8.5,0.087311640673154,1220.0,0.48,0.174720637300629,70.3021582733813,0.380816293319759,B,91.437220180479,87.39203244263592,0.161914009452577,0.459944858941182
91,517600505001,0.0,0.2379390048269046,0.4627060744517811,0.44123207814715615,276.03423555555554,0.0,65.67931130624426,127.72271754820936,121.79515939393939,0.09672619047619,0.09672619047619,Richmond,82.27933240206322,0.108630952380952,0.099781620680763,0.012820512820513,0.033842383107089,0.446716899892357,0.151879731711579,0.138392857142857,0.170386904761905,90.45285573176228,VA Congressional District 4,13.8,0.141254793221162,1344.0,0.48,0.242060995173095,72.00724054706356,0.564958279380244,C,91.04408631741516,87.70300446184558,0.181407166429505,0.459944858941182
92,517600505002,0.00245544984378937,0.3013335795992023,0.5096170981727239,0.29549358419172794,495.01461190312216,1.215483551470977,149.1645249586777,252.26791007116626,146.27364189853077,0.034980988593156,0.034980988593156,Richmond,82.27933240206322,0.02509505703422,0.015416397853152,0.017591339648173,0.046435962747751,0.727989487516426,0.248668530876992,0.215969581749049,0.20532319391635,94.66312214345936,VA Congressional District 4,13.8,0.141254793221162,1315.0,0.48,0.178666420400798,69.90174966352625,0.337573783681091,C,90.68460331446434,87.02107056723021,0.137388409495551,0.459944858941182
93,517600505003,0.01209943405419587,0.36203663569272154,0.45420728104278846,0.38947594057631074,260.52962339990813,3.1522609974916733,94.32126835399448,118.3344518755739,101.47002012167124,0.0,0.0,Richmond,82.27933240206322,0.476340694006309,0.471141910282545,0.153611393692777,0.405488899527257,0.008178100863244,0.000974006756253,0.00811176205498,0.0,98.0488709501993,VA Congressional District 4,13.8,0.141254793221162,2219.0,0.4,0.037963364307278,70.47491909385113,0.399473762865819,B,91.11125777217187,86.8193247307208,0.236388895442173,0.459944858941182
94,517600506001,0.0,0.31192929849072487,0.4190438040901981,0.3501481056825065,304.74019283516986,0.0,95.05739457300275,127.69948966483011,106.70420124655647,0.084269662921348,0.084269662921348,Richmond,82.27933240206322,0.040262172284644,0.030734089157506,0.01304347826087,0.03443094629156,1.011299435028248,0.346158406598316,0.239700374531835,0.26310861423221,94.58980959148516,VA Congressional District 4,7.8,0.12201389831489,1068.0,0.48,0.168070701509275,69.28279883381924,0.270729598614352,A,90.05028621855169,86.7642150407449,0.148056100316329,0.459944858941182
95,517600506002,0.08832096337280347,0.5844336205477892,0.3139205571965516,0.18226897645206597,974.5191753374655,86.07047239107493,569.5417699357208,305.92160252066117,177.62461262167125,0.042988019732206,0.042988019732206,Richmond,82.27933240206322,0.077519379844961,0.068361178742339,0.0,0.0,0.957241379310345,0.327556471932909,0.238900634249471,0.250176180408739,100.0,VA Congressional District 4,7.8,0.12201389831489,1419.0,0.48,0.0,67.13833214030065,0.039135873150133,B,89.62813182978681,85.54062260576083,0.10000924031208,0.459944858941182
96,517600602001,0.0,0.09709308436935603,0.5642349995699829,0.6508442669163951,258.5881182966024,0.0,25.107117986685033,145.90446681588614,168.3005942860422,0.536885245901639,0.536885245901639,Richmond,82.27933240206322,0.829508196721311,0.827815588566018,0.112324492979719,0.296503624850876,0.399082568807339,0.135488266963053,0.149180327868852,0.136065573770492,56.68072815573517,VA Congressional District 4,17.1,0.528496571990582,1220.0,0.48,0.382906915630644,74.15490533562823,0.796897386168569,D,91.7977221876652,89.14801707913291,0.520347780740123,0.459944858941182
97,517600602002,0.0,0.20010338570848699,0.4690727550903584,0.44644238675275205,71.22583333103765,0.0,14.252530399449036,33.41009787419651,31.798231030762167,0.58890290037831,0.58890290037831,Richmond,82.27933240206322,0.988735919899875,0.988624092389856,0.113744075829384,0.300250906049623,0.714592274678112,0.244058411726252,0.345431789737171,0.071339173967459,75.90175568270179,VA Congressional District 4,17.1,0.528496571990582,799.0,0.4,0.199896614291513,73.0404984423676,0.676545951066648,D,91.54695806797908,88.50415579819993,0.554479805600212,0.459944858941182
98,517600602003,0.0,0.07145333500816481,0.4756337143574928,0.5871171963321191,49.180100952708905,0.0,3.514082229109275,23.39171408861341,28.87448298668503,0.480662983425414,0.480662983425414,Richmond,82.27933240206322,0.92817679558011,0.927463749326844,0.025089605734767,0.06622917984398,0.62089552238806,0.211816392635597,0.375690607734807,0.007366482504604,61.72842903039037,VA Congressional District 4,17.1,0.528496571990582,543.0,0.4,0.328546664991835,76.03555555555556,1.0,D,91.85022038631901,89.14361833866779,0.535778146203736,0.459944858941182
99,517600604001,0.0,0.090738652362349,0.4899275964190154,0.674534796026222,174.63735855601468,0.0,15.84635856749311,85.55966132231404,117.79897503213955,0.405570060922541,0.405570060922541,Richmond,82.27933240206322,0.944299390774587,0.94374640638697,0.124513618677043,0.328679331654841,0.687224669603524,0.234640936480698,0.123585726718886,0.283724978241949,56.14526590283708,VA Congressional District 4,18.5,0.58972954121447,1149.0,0.48,0.389261347637651,72.39390088945362,0.606716031764104,D,92.00471572141952,89.14355745731108,0.518180384737271,0.459944858941182
100,517600604002,0.0,0.22221102489166583,0.36225603816050256,0.5283885921596292,73.56072982093663,0.0,16.346005165289256,26.64781854912764,38.86865046831956,0.711764705882353,0.711764705882353,Richmond,82.27933240206322,0.930882352941176,0.930196166914419,0.126760563380282,0.334610604805302,0.172413793103448,0.057489202802572,0.073529411764706,0.073529411764706,78.56699919896151,VA Congressional District 4,18.5,0.58972954121447,680.0,0.4,0.177788975108334,73.28614457831326,0.703074739758721,C,91.30331694438892,88.67011027182289,0.554477493562973,0.459944858941182
101,517600604003,0.0,0.21306303205525343,0.47481413918909615,0.43045134347536773,86.15271366391185,0.0,18.355958393021123,40.90652657713499,37.084551340679525,0.914772727272727,0.914772727272727,Richmond,82.27933240206322,0.984577922077922,0.984424814806132,0.37883008356546,1.0,1.610169491525424,0.552235771314553,0.573863636363636,0.04301948051948,67.89474813364883,VA Congressional District 4,18.5,0.58972954121447,1232.0,0.4,0.186936967944747,73.24281984334203,0.698395843692365,C,91.90924595924528,88.77624838129867,0.789926449716708,0.459944858941182
102,517600604004,0.0,0.19536704730831975,0.4283849918433931,0.47873332693599463,128.75413441230486,0.0,25.154315068870524,55.15633882001836,61.63889512396694,0.715323645970938,0.715323645970938,Richmond,82.27933240206322,0.913239074550128,0.912377729622377,0.204545454545455,0.539939839572192,0.627615062761506,0.214128655800604,0.298200514138817,0.087403598971722,72.67105766906288,VA Congressional District 4,18.5,0.58972954121447,1556.0,0.4,0.20463295269168,73.38793103448276,0.71406726515319,D,91.67610084564487,89.04742368245331,0.614261112888962,0.459944858941182
103,517600604005,0.0,0.2760800546557891,0.4021319776554274,0.4141502230438452,122.97434513314967,0.0,33.95076392561983,49.45191660927456,50.929852465564736,0.467272727272727,0.467272727272727,Richmond,82.27933240206322,0.621212121212121,0.61745159172957,0.050986842105263,0.134590267027864,0.176051318602994,0.058740912853696,0.097575757575757,0.052121212121212,89.3492478964731,VA Congressional District 4,18.5,0.58972954121447,1650.0,0.4,0.123919945344211,71.44384057971014,0.50411336266498,D,91.4024355587336,87.89694176003813,0.395316400460551,0.459944858941182
104,517600605001,0.11199266594314758,0.40961399779861085,0.4017193608380461,0.2817493452765021,130.20958370064278,14.5825184099824,53.33566813131313,52.307710739210286,36.686464956382004,0.537280701754386,0.537280701754386,Richmond,82.27933240206322,0.712719298245614,0.709867233517006,0.122119815668203,0.322360395771212,0.802371541501976,0.274264163019932,0.445175438596491,0.0,100.0,VA Congressional District 4,13.6,0.31706136403877,912.0,0.4,0.0,69.11666666666666,0.252787996804169,D,90.79865030675936,86.65939002868596,0.402270309150912,0.459944858941182
105,517600605002,0.0,0.29948156423626315,0.42033455875284903,0.33712850243197,115.67955422635445,0.0,34.64389384986226,48.624114382460974,38.99887487832874,0.295908658420552,0.295908658420552,Richmond,82.27933240206322,0.390104662226451,0.384049744613176,0.086175942549372,0.227479142464885,0.737190082644628,0.251834550579048,0.333967649857279,0.090390104662226,92.90707745807384,VA Congressional District 4,13.6,0.31706136403877,1051.0,0.4,0.100518435763737,71.13706563706563,0.470982910202908,D,91.13692513945568,87.24615658988944,0.324552728386556,0.459944858941182
106,517600605003,0.01763429765986075,0.4367301670657486,0.30515854198589953,0.31353926221445394,126.10714412764003,2.223810916581765,55.07479412304866,38.482672235996326,39.539540929752064,0.021907216494845,0.021907216494845,Richmond,82.27933240206322,0.06701030927835,0.05774777624772,0.0,0.0,0.416058394160584,0.141329823599131,0.211340206185567,0.082474226804124,98.65622847255744,VA Congressional District 4,13.6,0.31706136403877,776.0,0.48,0.043269832934251,69.72963604852686,0.318986209706967,D,90.43373353555207,86.50330965573586,0.142838731681239,0.459944858941182
107,517600605004,0.06294161027306866,0.5880532257504881,0.2666681386758856,0.18644153337097472,313.3560078328742,19.723131721741417,184.27001121441688,83.5620633516988,58.422574591368225,0.167808219178082,0.167808219178082,Richmond,82.27933240206322,0.059103908484271,0.049762882304963,0.132616487455197,0.350068522032469,0.646781789638933,0.220724124253708,0.026692087702574,0.36606291706387,100.0,VA Congressional District 4,13.6,0.31706136403877,1049.0,0.48,0.0,67.68666278392546,0.098353363879682,C,89.5898671018859,85.46003188055843,0.200629745947946,0.459944858941182
108,517600605005,0.0,0.4354568600606306,0.34457380450119446,0.3104900392562272,283.0085310927456,0.0,123.23800632001836,97.51732626492193,87.87132992883379,0.491942324003393,0.491942324003393,Richmond,82.27933240206322,0.704410517387617,0.701475964762403,0.059541984732824,0.157173327346206,0.378141437755698,0.128282207727864,0.058948261238337,0.215436810856658,100.0,VA Congressional District 4,13.6,0.31706136403877,2358.0,0.4,0.0,71.37833594976452,0.497039127690796,C,90.43290075819894,86.9774999086123,0.382162385928239,0.459944858941182
109,517600606001,0.0,0.3326689217191552,0.3364462004207502,0.41592101264224,125.21163509182736,0.0,41.65401963269054,42.12697887511479,52.07815006198347,0.210023866348449,0.210023866348449,Richmond,82.27933240206322,0.24582338902148,0.238336076096603,0.0,0.0,0.181946403385049,0.060769472344165,0.087112171837709,0.066825775656324,94.14737465626972,VA Congressional District 4,11.1,0.179355052483447,838.0,0.48,0.147331078280845,70.55178571428571,0.407775046837304,C,91.38460231829968,87.13323062847769,0.182709919018328,0.459944858941182
110,517600606002,0.0,0.3110768358852739,0.4258713715436594,0.4068264331725018,129.93010778466484,0.0,40.418246815886135,55.33351320707071,52.859002311753905,0.393382352941176,0.393382352941176,Richmond,82.27933240206322,0.227651966626937,0.219984251494172,0.043032786885246,0.113593900675024,0.446551724137931,0.151822893030436,0.132300357568534,0.176400476758045,90.63701400385663,VA Congressional District 4,11.1,0.179355052483447,839.0,0.48,0.168923164114726,71.14163822525597,0.471476731224804,C,92.1575192629156,87.87643707913598,0.25493586364151,0.459944858941182
111,517600606003,0.05064991591890873,0.5389790593635181,0.2764248304328225,0.2431512228887274,193.48900986455465,9.800202080872594,104.28652453397613,53.48516674242424,47.0470893640955,0.10957324106113,0.10957324106113,Richmond,82.27933240206322,0.031141868512111,0.021523240852935,0.0,0.0,0.611524163568773,0.208591611385747,0.140715109573241,0.238754325259516,100.0,VA Congressional District 4,11.1,0.179355052483447,867.0,0.48,0.0,67.45323741007195,0.073144368043094,B,89.61077714480534,85.41808263354899,0.098697918971059,0.459944858941182
112,517600607001,0.00046240290460649143,0.196202221509153,0.5640505632807646,0.5127143225219045,468.98060252754817,0.21685799281284074,92.01503606060605,264.52877302341597,240.45307190082644,0.883589329021827,0.883589329021827,Richmond,82.27933240206322,0.968472109943412,0.968159107424799,0.0,0.0,0.829881656804734,0.283730677505214,0.406628940986257,0.046887631366209,64.78350561125613,VA Congressional District 4,20.7,0.613962609934552,1237.0,0.48,0.283797778490847,73.02650260293422,0.675034457041036,C,91.70177870388183,88.60851508682062,0.570746030154571,0.459944858941182
113,517600607002,0.016040741190428098,0.22763819609889413,0.6123993646544347,0.39510448590378905,893.1395446028466,14.326620281911074,203.3126747979798,546.9580896625343,352.883440610652,0.841254752851711,0.841254752851711,Richmond,82.27933240206322,1.0,1.0,0.276190476190476,0.72906162464986,1.026974951830443,0.351552513647274,0.418250950570342,0.088403041825095,62.090451187153015,VA Congressional District 4,20.7,0.613962609934552,1052.0,0.48,0.252361803901106,72.42168966351973,0.609717106917896,D,91.18982892170433,88.28037097970423,0.690924768000216,0.459944858941182
114,517600607003,0.0,0.19848271610276466,0.509521730579589,0.5211587038785727,177.1593136386593,0.0,35.16306175390266,90.26652007346189,92.32811827594122,0.611022787493376,0.611022787493376,Richmond,82.27933240206322,0.828828828828829,0.827129476046443,0.223669923995657,0.590422814076771,0.525464834276475,0.178977708340508,0.271860095389507,0.072602013778484,74.67188381150474,VA Congressional District 4,20.7,0.613962609934552,1887.0,0.4,0.201517283897235,72.76720901126409,0.647031798354203,D,91.51239625916449,88.56971715518215,0.578091199040975,0.459944858941182
115,517600607004,0.0,0.33967014750368485,0.41492716706914995,0.3509065981526202,134.45534425619834,0.0,45.67046661616162,55.78917508953168,47.181267456382,0.494370522006141,0.494370522006141,Richmond,82.27933240206322,0.870010235414534,0.868719723311249,0.143598615916955,0.379058111133727,0.376056338028169,0.127564703400576,0.16171954964176,0.111566018423746,84.42379242108693,VA Congressional District 4,20.7,0.613962609934552,977.0,0.48,0.140329852496315,72.14168039538716,0.579477238997667,D,91.14060909783544,88.19756561172737,0.510525484797319,0.459944858941182
116,517600607005,0.0,0.23609468469858247,0.4098661318798101,0.46822499247037735,100.91452776170797,0.0,23.825383613406792,41.361447144168956,47.2507040013774,0.530716723549488,0.530716723549488,Richmond,82.27933240206322,0.907849829351536,0.906934981086975,0.213930348258706,0.564713198712321,0.31685393258427,0.10719254492249,0.179180887372014,0.061433447098976,69.69866898808363,VA Congressional District 4,20.7,0.613962609934552,586.0,0.48,0.243905315301418,73.30329670329671,0.704927099852049,,91.46517286197934,88.50444908403628,0.571407859676312,0.459944858941182
117,517600608001,0.004048090261210388,0.35568022440392705,0.45521086470498384,0.2993292877674864,177.94782614784205,0.7203488620326387,63.29252273645546,81.00378381313132,53.26499606060606,0.750406504065041,0.750406504065041,Richmond,82.27933240206322,0.936944219886823,0.936318214849598,0.131987577639751,0.348408385093168,0.530940594059406,0.180861973772789,0.321746160064673,0.025060630557801,84.45158075386291,VA Congressional District 4,22.1,0.689445245941557,1237.0,0.48,0.124319775596073,71.83189122373301,0.546021261999424,,91.17371625007395,88.06582958446704,0.575243597620263,0.459944858941182
118,517600608002,5.117007690862559e-05,0.21819160080618927,0.45574768059758014,0.522327012530731,338.0193249839302,0.017296474856029417,73.75297762167125,154.05152335858585,176.55662419651054,0.715675675675676,0.715675675675676,Richmond,82.27933240206322,0.905945945945946,0.905012196311835,0.177685950413223,0.469038648517258,0.881993896236012,0.301663036712273,0.321081081081081,0.147567567567568,64.68697535213082,VA Congressional District 4,22.1,0.689445245941557,1850.0,0.48,0.261808399193811,72.71542553191489,0.641439392122748,,91.31418665324396,88.63108381489708,0.620379032546891,0.459944858941182
119,517600608003,0.009500852471795133,0.18313815399995037,0.6220226806243375,0.5170319595449695,1115.2981872910927,10.59628353951321,204.25365117998163,693.74076815427,576.6448072520661,0.588028169014085,0.588028169014085,Richmond,82.27933240206322,0.954225352112676,0.953770910662531,0.0,0.0,0.627507163323782,0.214091526490933,0.288732394366197,0.096830985915493,67.33572620535895,VA Congressional District 4,22.1,0.689445245941557,568.0,0.48,0.29686184600005,72.25004918355302,0.591180629612793,,91.54381792599423,88.77365494632043,0.506086080286983,0.459944858941182
120,517600609001,0.018594737182997416,0.2376897821775578,0.5463503491492092,0.4894678599403363,741.352492768595,13.785254762992016,176.21191252295682,405.03819326675847,362.86821809687785,0.600978336827393,0.600978336827393,Richmond,82.27933240206322,0.706514439220954,0.70360077390636,0.091729323308271,0.242138434321097,0.611471861471861,0.208573613694622,0.294828744123573,0.084620550705171,73.00487760519938,VA Congressional District 4,20.4,0.592288449000572,1489.0,0.48,0.242310217822442,73.50668993600931,0.726892745968396,,91.39782064745661,88.8534027302229,0.512412058953073,0.459944858941182
121,517600610001,0.07235556914505088,0.2937453321177765,0.36587171515160233,0.49852916747870923,188.92003578282828,13.669416711969918,55.49437865472911,69.12049751836547,94.18214815886134,0.478362573099415,0.478362573099415,Richmond,82.27933240206322,0.483040935672515,0.477908670593451,0.039334341906203,0.103831093708285,0.156968876860622,0.052174447785096,0.0,0.135672514619883,88.01363228749413,VA Congressional District 4,15.7,0.297297959151886,855.0,0.48,0.186254667882224,70.16869424168694,0.366402717949718,D,91.61102832836264,88.14030671579236,0.295996243714642,0.459944858941182
122,517600610002,0.01778416960495512,0.10106395811720427,0.47362275700674117,0.7018558743982011,594.0511405831038,10.564706238146956,60.03715959136823,281.3561390059688,416.938282711203,0.481094306049822,0.481094306049822,Richmond,82.27933240206322,0.680733539549271,0.67756392667476,0.041061276058117,0.108389691947531,0.279977375565611,0.09450294121336,0.172558550596553,0.046177640300486,68.09441373713676,VA Congressional District 4,15.7,0.297297959151886,4526.0,0.48,0.378936041882796,72.93110838946724,0.664732267992673,D,91.53699752687312,89.25261355305467,0.387263515505005,0.459944858941182
123,517600701001,0.004979960957242322,0.5879050007949288,0.2834226465873426,0.20274533648931742,1443.9072542447198,7.190601752017668,848.8802954545454,409.23601542470146,292.7454621212121,0.05741127348643,0.05741127348643,Richmond,82.27933240206322,0.098816979819067,0.089870216983336,0.023465703971119,0.061942556806116,0.688601645123384,0.235114767962725,0.166666666666667,0.241127348643006,100.0,VA Congressional District 4,9.6,0.195588782233349,2874.0,0.48,0.0,68.03230699226452,0.135681539754977,,90.03749223801138,85.97234398926966,0.129268189537822,0.459944858941182
124,517600701002,0.0014813185819245436,0.6000949343762794,0.25885469534413047,0.20548541305334353,556.50104315427,0.8243553360848124,333.95345697199264,144.05290798438935,114.35284671717172,0.26986301369863,0.26986301369863,Richmond,82.27933240206322,0.228767123287671,0.221110479204787,0.120104438642298,0.317040393180771,0.622222222222222,0.212272923735503,0.167123287671233,0.216438356164384,100.0,VA Congressional District 4,9.6,0.195588782233349,730.0,0.48,0.0,67.3269384492406,0.059504591333296,,89.75341125389353,85.6134493975728,0.212563363897723,0.459944858941182
125,517600701003,0.017075851081427257,0.4799516382590587,0.34303839043665896,0.254834648807938,486.01726656565654,8.299158466877486,233.2647833103765,166.72258084710745,123.85403943985307,0.116071428571429,0.116071428571429,Richmond,82.27933240206322,0.255952380952381,0.248565626611655,0.029768467475193,0.078579998702899,0.730175077239959,0.249420614848615,0.107142857142857,0.314880952380952,99.99792841955174,VA Congressional District 4,9.6,0.195588782233349,1680.0,0.48,4.8361740941e-05,69.49717022202873,0.293880841102018,,90.19919689853472,86.29361278171474,0.197017882011661,0.459944858941182
126,517600703001,0.0009797450784690398,0.4511135331598112,0.364191029517413,0.3156767475118672,552.0588340105601,0.5408769256472028,249.0412111225895,201.0548751124885,174.27213715564739,0.324029126213592,0.324029126213592,Richmond,82.27933240206322,0.557148392096087,0.552751850862384,0.063907486305539,0.16869696752712,0.466477272727273,0.158679479863036,0.147229755908562,0.170864006199148,98.10218135034688,VA Congressional District 4,11.9,0.284609166714614,2581.0,0.48,0.028886466840189,69.77897681854516,0.324314813214938,,90.51392694839133,86.79593873569601,0.302180234065947,0.459944858941182
127,517600703002,7.3807092861624e-05,0.6306835656378018,0.21502823329683712,0.18165958271310295,321.3829712764003,0.023720342805141917,202.6909582598714,69.10641252525251,58.38229645316804,0.180346820809248,0.180346820809248,Richmond,82.27933240206322,0.073988439306358,0.064795183739905,0.0,0.0,0.552962298025135,0.188439869295505,0.194219653179191,0.161849710982659,100.0,VA Congressional District 4,11.9,0.284609166714614,865.0,0.48,0.0,67.25602202339986,0.051845904300897,,89.54735767119395,85.60872294651404,0.128339490810028,0.459944858941182
128,517600704001,0.0070731941997346885,0.5571888084071024,0.3274537289741421,0.1797826419870917,777.7471265518824,5.501156464387095,433.3519946854912,254.6761967883379,139.82543320936637,0.193174500965872,0.193174500965872,Richmond,82.27933240206322,0.401802962009015,0.395864182750982,0.041304347826087,0.109031329923273,0.581466395112016,0.198248423167171,0.118480360592402,0.249195106245975,100.0,VA Congressional District 4,10.4,0.208445581780944,1553.0,0.48,0.0,68.31551204819277,0.166266539825605,,89.88877239507964,86.02412875646078,0.211838426402308,0.459944858941182
129,517600704002,0.0027863516175587557,0.5509198948417224,0.29162215046276846,0.2514992257181614,514.6149917929293,1.4338983148022144,283.5116371625345,150.07313056703399,129.42527197887972,0.079242032730405,0.079242032730405,Richmond,82.27933240206322,0.168819982773471,0.16056819559884,0.065052950075643,0.171720654979087,0.680173661360347,0.232214611802111,0.141257536606374,0.263565891472868,100.0,VA Congressional District 4,10.4,0.208445581780944,1161.0,0.48,0.0,68.33030696065715,0.167864330505171,,89.98531177807406,86.26739936525014,0.170009234566093,0.459944858941182
130,517600704003,0.0034401659350653696,0.6352863996680267,0.2392824083702986,0.15829073827481116,493.0590218067034,1.6962048507960743,313.2336907874197,117.98035020661158,78.0466765748393,0.096676737160121,0.096676737160121,Richmond,82.27933240206322,0.037764350453172,0.028211469455866,0.032581453634085,0.086005454813504,0.387840670859539,0.131619813901562,0.099697885196375,0.1797583081571,100.0,VA Congressional District 4,10.4,0.208445581780944,1324.0,0.48,0.0,66.77594936708861,0.0,,89.20912280255229,85.3027817651677,0.091826509518666,0.459944858941182
131,517600706011,4.2328564902917675e-05,0.2947498011355118,0.4703760993399404,0.4959695033296941,420.30286632920104,0.01779081715629792,123.8841862672176,197.70042280532596,208.45740386134065,0.711163153786105,0.711163153786105,Richmond,82.27933240206322,0.962595419847328,0.962224074737509,0.10919540229885,0.288243745774172,0.834733893557423,0.285400382230179,0.327480916030534,0.127480916030534,77.80717997915633,VA Congressional District 4,19.5,0.490683981494344,1310.0,0.48,0.185250198864488,72.0386039132734,0.56834539602122,,91.58695644010268,88.48084586711944,0.551010122340588,0.459944858941182
132,517600706012,0.0,0.3297321970813132,0.4546490533534572,0.2840752502518737,316.1490372566575,0.0,104.2445166597796,143.7368605073462,89.81011687557391,0.518811881188119,0.518811881188119,Richmond,82.27933240206322,0.851397743992153,0.84992245083684,0.208715596330275,0.550947787371829,0.648342764753436,0.221261271894494,0.297204512015694,0.09612555174105,82.6927600754048,VA Congressional District 4,19.5,0.490683981494344,2039.0,0.48,0.150267802918687,71.83954961294863,0.54684833704557,,90.7172573624338,87.48114365334652,0.529745951638533,0.459944858941182
133,517600706013,0.0,0.10897456189937818,0.5161514980214811,0.6241266252119841,54.641124598255274,0.0,5.954492614784205,28.203098314967857,34.102980693296594,0.660892388451444,0.660892388451444,Richmond,82.27933240206322,0.95485564304462,0.954407458995424,0.079717457114026,0.210430640470113,0.702412868632708,0.239867352456523,0.339107611548556,0.073490813648294,88.36730457480738,VA Congressional District 4,19.5,0.490683981494344,1905.0,0.2,0.091025438100622,75.76209677419355,0.970467558144902,,91.58276110346156,88.91212593006219,0.587791563335458,0.459944858941182
134,517600706014,0.0,0.4936501237033453,0.35400088531104273,0.307254403393006,72.0121218939394,0.0,35.548792881083564,25.49235490358127,22.126041549586777,0.820461384152457,0.820461384152457,Richmond,82.27933240206322,1.0,1.0,0.1,0.263970588235294,0.645056726094003,0.220130512091186,0.38423645320197,0.007881773399015,100.0,VA Congressional District 4,19.5,0.490683981494344,1015.0,0.4,0.0,72.5246913580247,0.620840873135218,,90.48250406224737,87.85204229165296,0.569347889851416,0.459944858941182
135,517600706021,0.0,0.16808684863160084,0.5418884098796032,0.6232606616187584,337.37709871900825,0.0,56.70865332415059,182.8207395546373,210.27387376262624,0.599261992619926,0.599261992619926,Richmond,82.27933240206322,0.954810495626822,0.95436186336319,0.117647058823529,0.310553633217993,0.635280095351609,0.216766272591585,0.225947521865889,0.162536443148688,60.55816730450021,VA Congressional District 4,18.5,0.544608637445726,1372.0,0.48,0.311913151368399,74.77704485488127,0.864085936803468,C,92.32465114695421,89.13591704477814,0.581606389340315,0.459944858941182
136,517600706022,0.0,0.27208936121739247,0.5042435857059576,0.31925058799091377,184.38615063131314,0.0,50.1695099426079,92.97553374885216,58.865387006427916,0.485789821546596,0.485789821546596,Richmond,82.27933240206322,0.904793171372292,0.903847977225266,0.135204081632653,0.356899009603841,0.444971537001898,0.15127913433484,0.202889034799737,0.10505581089954,85.62543547427445,VA Congressional District 4,18.5,0.544608637445726,1523.0,0.4,0.127910638782608,72.87696019300361,0.658884481881524,,90.8572200689332,88.29663652931859,0.516884843672966,0.459944858941182
137,517600707001,0.0,0.3918031925850485,0.430188155872208,0.2751161048197349,602.2006681772268,0.0,235.94414436868686,259.05959490817264,165.67510214876035,0.478703115066751,0.478703115066751,Richmond,82.27933240206322,0.785986049461002,0.783861362226409,0.120454545454545,0.317964572192513,0.451449608835711,0.153508305684237,0.172479391249207,0.13855421686747,91.21045213355734,VA Congressional District 4,18.2,0.491012187806853,3154.0,0.48,0.088196807414952,71.63901179941003,0.525191064645759,,90.51823682610505,87.10246804822883,0.458373434603754,0.459944858941182
138,517600707002,0.0,0.5371010028355843,0.3049782856575563,0.26098735227254827,517.7245629040403,0.0,278.0703819283746,157.8947496372819,135.11956287878786,0.670261941448382,0.670261941448382,Richmond,82.27933240206322,0.977777777777778,0.977557160048135,0.096955128205128,0.25593302224736,0.757114493712773,0.258690745978868,0.373634651600753,0.057250470809793,100.0,VA Congressional District 4,18.2,0.491012187806853,2655.0,0.48,0.0,70.90684814972352,0.44612035312906,,90.13659156867315,86.85290867480556,0.516595901776443,0.459944858941182
139,517600708011,0.0,0.3898894022412896,0.41265209956475635,0.3005783071942672,424.5557929338843,0.0,165.52980432506885,175.19383933654728,127.61226154958676,0.610151187904968,0.610151187904968,Richmond,82.27933240206322,0.907127429805616,0.906205409704408,0.089790897908979,0.237021561392084,0.359765051395007,0.121958703600159,0.139308855291577,0.125269978401728,90.33319174685164,VA Congressional District 4,19.2,0.533836581158218,1852.0,0.48,0.09011059775871,71.88096486628211,0.551321016821635,,90.45629441101369,87.17337003814681,0.493415743430245,0.459944858941182
140,517600708012,0.0,0.522808491129271,0.35080735523801543,0.19411722945174428,577.7940932690541,0.0,302.0756580853994,202.69441773186406,112.15978857897151,0.630589430894309,0.630589430894309,Richmond,82.27933240206322,0.769308943089431,0.767018688914326,0.2134944612286,0.563562585154908,0.327935222672065,0.111005731162433,0.178353658536585,0.06859756097561,100.0,VA Congressional District 4,19.2,0.533836581158218,1968.0,0.48,0.0,70.40930053804766,0.392387224359981,,90.25650104309044,86.43297391873762,0.499733373607362,0.459944858941182
141,517600708013,0.0018226424476424476,0.5599337742279917,0.31540573358412194,0.17759623890361184,269.8442517401285,0.4918295874738727,151.0949103305785,85.11042417355371,47.92332419880624,0.483471074380165,0.483471074380165,Richmond,82.27933240206322,0.736570247933884,0.733954970611928,0.0,0.0,0.373049645390071,0.126530069445098,0.18904958677686,0.082644628099174,100.0,VA Congressional District 4,19.2,0.533836581158218,968.0,0.48,0.0,69.61061946902655,0.30613290071327,,90.01954805231648,86.44162982893715,0.36398759938478,0.459944858941182
142,517600708014,0.0,0.4138069242704183,0.42702786494446704,0.23394445445290277,353.8847106473829,0.0,146.43994365932048,151.11863242424243,82.78936557162535,0.564381011479988,0.564381011479988,Richmond,82.27933240206322,0.83710828420726,0.835491128184047,0.1,0.263970588235294,0.682150313152401,0.232894798075992,0.324542351846106,0.080980452994105,100.0,VA Congressional District 4,19.2,0.533836581158218,3223.0,0.4,0.0,71.26935179358087,0.485269279819793,,90.42391091332708,86.82505482804166,0.485973897825555,0.459944858941182
143,517600708021,0.004923544285039502,0.3452029702325218,0.4485105091800587,0.30200838798429624,265.48828229109273,1.3071433150192635,91.64734360881542,119.07428467171717,80.1796881634527,0.596013289036545,0.596013289036545,Richmond,82.27933240206322,0.898338870431894,0.897329599289972,0.18335343787696,0.483999148513446,0.532586558044806,0.181428366960842,0.300996677740864,0.046511627906977,84.31900244722131,VA Congressional District 4,17.0,0.502225567724325,1505.0,0.48,0.134797029767478,71.86261448792673,0.549339250212788,,90.59112021965913,87.40538290878058,0.535055870289653,0.459944858941182
144,517600708022,0.0053311106496844235,0.42417421187638166,0.401589294418268,0.2469668995465489,250.94639176997245,1.3378229816647798,106.44498795224978,100.7773844077135,61.975452327823696,0.441754916792738,0.441754916792738,Richmond,82.27933240206322,0.800302571860817,0.798320016166294,0.0,0.0,0.820936639118457,0.280652604637604,0.08320726172466,0.367624810892587,94.83496663659488,VA Congressional District 4,17.0,0.502225567724325,661.0,0.48,0.055825788123618,71.68639575971731,0.530308340623036,,90.57122885414172,86.73904614329538,0.425543574323999,0.459944858941182
145,517600708023,0.002173348798788611,0.49913599848030715,0.3592433052024656,0.2004548285326653,228.94365568640953,0.4975744190763315,114.27402017676766,82.24647557392102,45.892861244260786,0.432155074116306,0.432155074116306,Richmond,82.27933240206322,0.607753705815279,0.603859563905503,0.0,0.0,0.4032,0.136905117514151,0.118586088939567,0.168757126567845,100.0,VA Congressional District 4,17.0,0.502225567724325,877.0,0.48,0.0,70.16666666666667,0.366183748051972,,90.09878972341289,86.32344824361444,0.340221511885376,0.459944858941182
146,517600709001,3.781290176208122e-05,0.33039298257676025,0.4431381311698952,0.3711694368529309,215.64495113636363,0.008154161352808123,71.2475785835629,95.56050064279155,80.04081507346189,0.795588235294118,0.795588235294118,Richmond,82.27933240206322,0.904411764705882,0.90346278403058,0.204878048780488,0.540817790530846,0.494505494505495,0.168324280131599,0.184558823529412,0.146323529411765,80.52839484506947,VA Congressional District 4,19.4,0.634862146911692,1360.0,0.48,0.14960701742324,71.85670103092784,0.5487006207853,C,91.24145123722167,88.36041858569133,0.598625976280689,0.459944858941182
147,517600709002,0.002029253414490856,0.377993744711159,0.44122979812821633,0.3467403675945956,782.009196046832,1.5868948312412832,295.5945844123049,345.04575970615247,271.1541560996327,0.543414275202355,0.543414275202355,Richmond,82.27933240206322,0.80271186440678,0.800753227681576,0.093686354378819,0.24730442074997,0.895886889460154,0.306443759008522,0.293220338983051,0.179322033898305,88.5159588020301,VA Congressional District 4,19.4,0.634862146911692,2950.0,0.48,0.102006255288841,72.09194097616346,0.574105582988619,,90.56637173421721,87.68794949428526,0.517813902090456,0.459944858941182
148,517600709003,0.0,0.4266531209362809,0.4138142067620286,0.2269806566970091,304.03816712580345,0.0,129.7188328879706,125.81531295454545,69.01078283516986,0.574183181574719,0.574183181574719,Richmond,82.27933240206322,0.790037493304767,0.787953027985591,0.134189031505251,0.354219575811655,0.45404984423676,0.154403073511208,0.266202463845742,0.046063202999464,94.30485255293392,VA Congressional District 4,19.4,0.634862146911692,1867.0,0.48,0.053346879063719,70.85495626822157,0.44051623990375,,90.48524699837623,86.94148378899203,0.491022874283102,0.459944858941182
149,517600709004,0.001463603605255678,0.31849563890926247,0.44714982432821754,0.43438621622148993,430.56934367768594,0.6301828437192322,137.1344582093664,192.52900638659318,187.0333880211203,0.573684210526316,0.573684210526316,Richmond,82.27933240206322,0.896842105263158,0.895817974539236,0.038518518518519,0.101677559912854,0.388888888888889,0.13198051653946,0.185263157894737,0.094736842105263,85.52173422045284,VA Congressional District 4,19.4,0.634862146911692,950.0,0.48,0.161504361090738,68.03450051493306,0.135918431327241,,91.33062906959354,88.48002099766794,0.4123234732928,0.459944858941182
150,517600709005,7.704391074890961e-05,0.3371470153885667,0.42790488624446205,0.3051790338805299,288.6373391299357,0.02223774939472952,97.31321741735538,123.50932776629935,88.08606429752065,0.64801297648013,0.64801297648013,Richmond,82.27933240206322,0.927007299270073,0.926282642493873,0.226086956521739,0.596803069053708,0.751420454545455,0.256731368358529,0.199513381995134,0.229521492295215,80.97693710756468,VA Congressional District 4,19.4,0.634862146911692,1233.0,0.48,0.142852984611433,72.44495765973826,0.612229956357165,,90.44239987782088,87.32603881124825,0.612487026609183,0.459944858941182
151,517600710011,0.0,0.39742583045986823,0.40678179149040505,0.31567251498288335,159.2350479292929,0.0,63.284121161616156,64.77391806473828,50.26612805325986,0.421389396709324,0.421389396709324,Richmond,82.27933240206322,0.948811700182815,0.948303513090768,0.041450777202072,0.109417860408412,0.823333333333333,0.281477331842569,0.30073126142596,0.150822669104205,91.72473219223336,VA Congressional District 4,19.0,0.525017411833817,1094.0,0.48,0.082574169540132,71.22083333333333,0.480029482439644,,90.52014853371676,87.49193837215385,0.460939166054089,0.459944858941182
152,517600710012,0.0,0.48484958614611634,0.3172478489592324,0.327045646584229,217.57706624426078,0.0,105.49215052341597,69.02585624885215,71.1576323117539,0.847115384615385,0.847115384615385,Richmond,82.27933240206322,0.868997668997669,0.867697104339704,0.11978221415608,0.316189815309064,1.346827133479212,0.461616949125071,0.453613053613054,0.12027972027972,100.0,VA Congressional District 4,19.0,0.525017411833817,2145.0,0.4,0.0,71.37003058103976,0.49614218147562,,90.74300252224353,87.26844519364566,0.58562980778311,0.459944858941182
153,517600710013,0.009812630146846208,0.37528519506712327,0.29766591735120485,0.44516691527132923,117.61957669880624,1.154157404173996,44.14088578512397,35.011339196510555,52.36034413452709,0.428054298642534,0.428054298642534,Richmond,82.27933240206322,0.772077375946173,0.769814606212787,0.151702786377709,0.40045073757057,0.637741046831956,0.217613111384512,0.11690496215307,0.272497897392767,97.47152335626686,VA Congressional District 4,19.0,0.525017411833817,1189.0,0.4,0.024714804932877,71.24242424242425,0.482361213255347,,91.657553939375,87.10252039999797,0.470551896483261,0.459944858941182
154,517600710014,0.0,0.2562836600160142,0.45742522129232527,0.5897248516491351,180.2266297704316,0.0,46.189140309917356,82.44020600550965,106.28412250459138,0.233766233766234,0.233766233766234,Richmond,82.27933240206322,0.784600389863548,0.782461946080605,0.138075313807531,0.364478218065469,0.426981919332406,0.145088721303898,0.073099415204678,0.226120857699805,77.30420151911372,VA Congressional District 4,19.0,0.525017411833817,1026.0,0.48,0.223716339983986,73.70995145631068,0.748844167677295,,91.60903153226462,88.50993666967966,0.466609449787886,0.459944858941182
155,517600710021,0.0,0.27723836064082175,0.5129729525675363,0.40848466428099206,255.28704070018364,0.0,70.77536065656565,130.955347020202,104.28084111570247,0.265395894428152,0.265395894428152,Richmond,82.27933240206322,0.623456790123457,0.619718545260062,0.01311084624553,0.034608777956951,0.683602771362587,0.233394603930481,0.281207133058985,0.12482853223594,85.19460243263433,VA Congressional District 4,13.7,0.301774048118648,1458.0,0.48,0.202761639359178,71.96302816901408,0.560183521453223,C,91.32710823396553,88.08020952168356,0.335845898524586,0.459944858941182
156,517600710022,0.0,0.28654242252494955,0.4941611650185439,0.3772600531963769,303.8857032529844,0.0,87.07614558080809,150.16851315197428,114.6439365748393,0.443496801705757,0.443496801705757,Richmond,82.27933240206322,0.745557924662402,0.743031875178004,0.061444969615125,0.162196647734043,0.523551705468327,0.178319380980727,0.200426439232409,0.143212508884151,89.79457917642388,VA Congressional District 4,13.7,0.301774048118648,2814.0,0.4,0.11345757747505,72.82693700217234,0.65348217968712,,91.03032021345686,87.93411050249225,0.41371682223405,0.459944858941182
157,517600711001,3.1731777630048724e-06,0.4850090673842302,0.3231249236451678,0.253377461798785,311.49135242883375,0.000988417432895489,151.07613033976122,100.65061946969696,78.9248882506887,0.303197353914002,0.303197353914002,Richmond,82.27933240206322,0.574630945872061,0.570407967897867,0.032258064516129,0.085151802656546,0.53956228956229,0.183828788141523,0.228540185893931,0.121924548933844,100.0,VA Congressional District 4,13.5,0.285240490722854,1829.0,0.48,0.0,69.04689564068693,0.245253008321977,B,90.42359028270936,86.27842389499281,0.278846568609128,0.459944858941182
158,517600711002,0.0,0.544452829861337,0.2123534539965909,0.28418105560832585,113.94462902203855,0.0,62.037475718549125,24.19653553719008,32.380904956382,0.22439585730725,0.22439585730725,Richmond,82.27933240206322,0.407364787111622,0.401481224528796,0.199013157894737,0.525336203560371,0.433993399339934,0.147501443908803,0.018411967779056,0.284234752589183,100.0,VA Congressional District 4,13.5,0.285240490722854,869.0,0.48,0.0,68.91976516634051,0.231523431517214,B,91.01272105984484,86.22611422219212,0.302579775257548,0.459944858941182
159,517600711003,0.0,0.41604373937874267,0.33264130700981226,0.3498988688477513,198.77162359733697,0.0,82.69768956381999,66.11965266988061,69.54996625573919,0.497168030207678,0.497168030207678,Richmond,82.27933240206322,0.69608452454941,0.693067313150532,0.245436105476673,0.647879131368572,0.344193817878028,0.116600481505488,0.142945929148539,0.113113735239279,100.0,VA Congressional District 4,13.5,0.285240490722854,1609.0,0.4,0.0,70.77877094972067,0.432288533784262,B,91.05621791632812,87.12803406148689,0.445373996789898,0.459944858941182
160,517600711004,0.0,0.6090852489700683,0.24048814665803814,0.20078581935519113,443.3192277066115,0.0,270.01920218089987,106.61301944903579,89.01221437098255,0.209036144578313,0.209036144578313,Richmond,82.27933240206322,0.452409638554217,0.446973272149972,0.04051724137931,0.106953600405679,0.30503144654088,0.103124305507638,0.180722891566265,0.053012048192771,100.0,VA Congressional District 4,13.5,0.285240490722854,1660.0,0.48,0.0,68.64110275689222,0.201429018884918,,89.91688839737121,86.00614017847795,0.225459472041562,0.459944858941182
